longitude,latitude,steel_id,steel_id_short,steel_type,steel_district,steel_number,steel_num_tanks,steel_capacity,septic_combined_capacity,septic_count,house_count,septic_ids,house_ids
36.3231571863046,32.3022577031245,NST-03-07,NST-3-7,NST,3,7,1,25,33,24,84,"D03-B01-T01,D03-B01-T02,D03-B01-T03,D03-B01-T04,D03-B01-T05,D03-B01-T08,D03-B01-T09,D03-B01-T12,D03-B01-T13,D03-B01-T14,D03-B01-T20,D03-B01-T24,D03-B01-T27,D03-B01-T31,D03-B01-T32,D03-B03-T03,D03-B03-T13,D03-B03-T14,D03-B03-T15,D03-B03-T16,D03-B03-T17,D03-B03-T18,D03-B03-T19,D03-B03-T20","D03-B01-H003,D03-B01-H004,D03-B01-H015,D03-B01-H018,D03-B01-H019,D03-B01-H020,D03-B01-H021,D03-B01-H022,D03-B01-H023,D03-B01-H035,D03-B01-H037,D03-B01-H038,D03-B01-H043,D03-B01-H044,D03-B01-H047,D03-B01-H048,D03-B01-H049,D03-B01-H058,D03-B01-H059,D03-B01-H065,D03-B01-H070,D03-B01-H071,D03-B01-H072,D03-B01-H074,D03-B01-H076,D03-B01-H077,D03-B01-H078,D03-B01-H079,D03-B01-H080,D03-B01-H088,D03-B01-H089,D03-B01-H090,D03-B01-H091,D03-B01-H094,D03-B01-H095,D03-B01-H096,D03-B01-H098,D03-B01-H101,D03-B01-H102,D03-B01-H103,D03-B01-H104,D03-B01-H107,D03-B01-H108,D03-B01-H109,D03-B01-H110,D03-B01-H111,D03-B01-H112,D03-B01-H113,D03-B01-H114,D03-B01-H115,D03-B01-H116,D03-B01-H119,D03-B01-H120,D03-B01-H121,D03-B01-H122,D03-B01-H123,D03-B01-H124,D03-B01-H125,D03-B03-H020,D03-B03-H021,D03-B03-H022,D03-B03-H023,D03-B03-H024,D03-B03-H025,D03-B03-H026,D03-B03-H027,D03-B03-H028,D03-B03-H029,D03-B03-H030,D03-B03-H031,D03-B03-H032,D03-B03-H034,D03-B03-H035,D03-B03-H036,D03-B03-H039,D03-B03-H040,D03-B03-H041,D03-B03-H043,D03-B03-H044,D03-B03-H050,D03-B03-H078,D03-B03-H079,D03-B03-H080,D03-B03-H084"
36.3246467185294,32.2980676171414,NST-03-13,NST-3-13,NST,3,13,1,25,27,31,93,"D03-B08-T02,D03-B08-T03,D03-B08-T04,D03-B08-T05,D03-B08-T06,D03-B08-T07,D03-B10-T01,D03-B10-T02,D03-B10-T03,D03-B12-T01,D03-B12-T03,D03-B12-T05,D03-B12-T06,D03-B12-T07,D03-B12-T08,D03-B12-T09,D03-B12-T10,D03-B12-T13,D03-B12-T14,D03-B12-T15,D03-B12-T16,D03-B12-T17,D03-B12-T18,D03-B12-T20,D03-B12-T21,D03-B14-T01,D03-B14-T02,D03-B14-T03,D03-B14-T04,D04-B02-T02,D04-B02-T04","D03-B08-H006,D03-B08-H009,D03-B08-H010,D03-B08-H012,D03-B08-H013,D03-B08-H014,D03-B08-H016,D03-B08-H017,D03-B08-H019,D03-B08-H020,D03-B08-H021,D03-B08-H022,D03-B08-H023,D03-B08-H024,D03-B08-H025,D03-B08-H026,D03-B08-H027,D03-B08-H028,D03-B08-H029,D03-B08-H031,D03-B08-H032,D03-B08-H033,D03-B08-H034,D03-B08-H035,D03-B08-H037,D03-B10-H001,D03-B10-H002,D03-B10-H003,D03-B10-H005,D03-B10-H006,D03-B10-H007,D03-B10-H010,D03-B10-H013,D03-B10-H014,D03-B10-H015,D03-B10-H016,D03-B10-H017,D03-B10-H018,D03-B10-H019,D03-B10-H020,D03-B10-H021,D03-B12-H006,D03-B12-H007,D03-B12-H008,D03-B12-H009,D03-B12-H010,D03-B12-H015,D03-B12-H017,D03-B12-H018,D03-B12-H019,D03-B12-H028,D03-B12-H031,D03-B12-H032,D03-B12-H034,D03-B12-H037,D03-B12-H038,D03-B12-H041,D03-B12-H042,D03-B12-H043,D03-B12-H044,D03-B12-H046,D03-B12-H047,D03-B12-H048,D03-B12-H052,D03-B12-H053,D03-B12-H055,D03-B12-H056,D03-B12-H058,D03-B12-H062,D03-B12-H063,D03-B12-H064,D03-B12-H067,D03-B12-H068,D03-B12-H072,D03-B12-H073,D03-B12-H074,D03-B12-H076,D03-B12-H077,D03-B14-H001,D03-B14-H002,D03-B14-H003,D03-B14-H004,D03-B14-H005,D03-B14-H007,D03-B14-H008,D03-B14-H009,D03-B14-H010,D03-B14-H011,D03-B14-H013,D03-B14-H014,D04-B02-H006,D04-B02-H007,D04-B02-H008"
36.3261775977454,32.3014188416277,NST-03-16,NST-3-16,NST,3,16,1,25,27,28,91,"D03-B02-T01,D03-B02-T02,D03-B02-T03,D03-B02-T04,D03-B02-T05,D03-B02-T06,D03-B02-T07,D03-B04-T01,D03-B04-T02,D03-B04-T03,D03-B04-T04,D03-B04-T05,D03-B04-T06,D03-B04-T07,D03-B04-T08,D03-B04-T09,D03-B04-T10,D03-B04-T11,D03-B04-T12,D03-B06-T01,D03-B06-T02,D03-B06-T03,D03-B06-T04,D03-B06-T05,D03-B06-T06,D03-B06-T07,D03-B06-T09,D03-B06-T11","D03-B02-H001,D03-B02-H002,D03-B02-H003,D03-B02-H007,D03-B02-H008,D03-B02-H009,D03-B02-H010,D03-B02-H011,D03-B02-H012,D03-B02-H013,D03-B02-H014,D03-B02-H014-1,D03-B02-H016,D03-B02-H017,D03-B02-H018,D03-B02-H019,D03-B02-H021,D03-B02-H022,D03-B02-H023,D03-B02-H024,D03-B02-H025,D03-B02-H026,D03-B02-H027,D03-B04-H001,D03-B04-H002,D03-B04-H003,D03-B04-H004,D03-B04-H005,D03-B04-H006,D03-B04-H007,D03-B04-H008,D03-B04-H009,D03-B04-H010,D03-B04-H011,D03-B04-H012,D03-B04-H013,D03-B04-H014,D03-B04-H015,D03-B04-H016,D03-B04-H017,D03-B04-H019,D03-B04-H020,D03-B04-H021,D03-B04-H022,D03-B04-H023,D03-B04-H024,D03-B04-H025,D03-B04-H026,D03-B04-H027,D03-B04-H028,D03-B04-H029,D03-B04-H030,D03-B04-H031,D03-B04-H032,D03-B04-H033,D03-B04-H034,D03-B04-H035,D03-B04-H036,D03-B04-H037,D03-B04-H038,D03-B04-H040,D03-B04-H041,D03-B04-H043,D03-B04-H045,D03-B04-H046,D03-B04-H047,D03-B04-H048,D03-B06-H001,D03-B06-H002,D03-B06-H003,D03-B06-H004,D03-B06-H005,D03-B06-H006,D03-B06-H007,D03-B06-H008,D03-B06-H009,D03-B06-H010,D03-B06-H011,D03-B06-H013,D03-B06-H016,D03-B06-H017,D03-B06-H018,D03-B06-H019,D03-B06-H020,D03-B06-H022,D03-B06-H024,D03-B06-H025,D03-B06-H026,D03-B06-H027,D03-B06-H028,D03-B06-H035"
36.3188918949076,32.2956323053457,NST-04-01,NST-4-1,NST,4,1,1,25,27,47,151,"D03-B13-T04,D03-B13-T07,D03-B13-T08,D03-B13-T10,D03-B13-T12,D03-B13-T14,D03-B13-T16,D03-B13-T18,D03-B13-T19,D03-B13-T22,D04-B09-T10,D04-B11-T02,D04-B11-T03,D04-B11-T04,D04-B11-T05,D04-B11-T06,D04-B11-T07,D04-B11-T08,D04-B11-T09,D04-B11-T10,D04-B11-T11,D04-B11-T12,D04-B11-T14,D04-B11-T15,D04-B11-T16,D04-B11-T18,D04-B11-T19,D04-B11-T20,D04-B13-T02,D04-B13-T03,D04-B13-T04,D04-B13-T06,D04-B13-T07,D04-B13-T08,D04-B13-T10,D04-B13-T11,D04-B13-T12,D04-B13-T13,D04-B13-T16,D04-B13-T18,D04-B13-T19,D04-B13-T22,D04-B13-T25,D04-B13-T28,D04-B13-T30,D04-B13-T32,D04-B13-T35","D03-B13-H001,D03-B13-H002,D03-B13-H003,D03-B13-H007,D03-B13-H010,D03-B13-H022,D03-B13-H023,D03-B13-H027,D03-B13-H028,D03-B13-H029,D03-B13-H030,D03-B13-H031,D03-B13-H032,D03-B13-H034,D03-B13-H041,D03-B13-H042,D03-B13-H043,D03-B13-H046,D03-B13-H047,D03-B13-H048,D03-B13-H049,D03-B13-H052,D03-B13-H053,D03-B13-H058,D03-B13-H059,D03-B13-H060,D03-B13-H061,D03-B13-H062,D03-B13-H071,D03-B13-H072,D03-B13-H073,D03-B13-H074,D04-B09-H022,D04-B09-H023,D04-B09-H041,D04-B11-H001,D04-B11-H002,D04-B11-H003,D04-B11-H005,D04-B11-H006,D04-B11-H007,D04-B11-H010,D04-B11-H011,D04-B11-H012,D04-B11-H015,D04-B11-H016,D04-B11-H017,D04-B11-H018,D04-B11-H023,D04-B11-H024,D04-B11-H025,D04-B11-H027,D04-B11-H028,D04-B11-H032,D04-B11-H033,D04-B11-H037,D04-B11-H038,D04-B11-H039,D04-B11-H040,D04-B11-H041,D04-B11-H042,D04-B11-H043,D04-B11-H044,D04-B11-H045,D04-B11-H046,D04-B11-H047,D04-B11-H048,D04-B11-H049,D04-B11-H050,D04-B11-H051,D04-B11-H053,D04-B11-H054,D04-B11-H055,D04-B11-H056,D04-B11-H057,D04-B11-H058,D04-B11-H059,D04-B11-H060,D04-B11-H061,D04-B11-H062,D04-B11-H063,D04-B11-H064,D04-B11-H065,D04-B11-H066,D04-B11-H068,D04-B11-H069,D04-B13-H001,D04-B13-H001-77,D04-B13-H002,D04-B13-H011,D04-B13-H012,D04-B13-H022,D04-B13-H023,D04-B13-H024,D04-B13-H025,D04-B13-H026,D04-B13-H027,D04-B13-H028,D04-B13-H029,D04-B13-H030,D04-B13-H031,D04-B13-H032,D04-B13-H033,D04-B13-H034,D04-B13-H040,D04-B13-H050,D04-B13-H051,D04-B13-H052,D04-B13-H053,D04-B13-H054,D04-B13-H057,D04-B13-H058,D04-B13-H059,D04-B13-H060,D04-B13-H061,D04-B13-H063,D04-B13-H064,D04-B13-H065,D04-B13-H066,D04-B13-H069,D04-B13-H070,D04-B13-H071,D04-B13-H072,D04-B13-H073,D04-B13-H075,D04-B13-H077,D04-B13-H078,D04-B13-H079,D04-B13-H080,D04-B13-H081,D04-B13-H082,D04-B13-H084,D04-B13-H085,D04-B13-H086,D04-B13-H087,D04-B13-H088,D04-B13-H089,D04-B13-H090,D04-B13-H091,D04-B13-H093,D04-B13-H095,D04-B13-H096,D04-B13-H097,D04-B13-H103,D04-B13-H104,D04-B13-H105,D04-B13-H106,D04-B13-H107,D04-B13-H111,D04-B13-H112,D04-B13-H113"
36.321318674805,32.2973856176732,NST-04-03,NST-4-3,NST,4,3,1,25,27,20,64,"D04-B01-T02,D04-B01-T03,D04-B01-T05,D04-B03-T04,D04-B03-T06,D04-B03-T07,D04-B03-T09,D04-B03-T10,D04-B03-T13,D04-B03-T14,D04-B03-T15,D04-B03-T16,D04-B03-T21,D04-B03-T22,D04-B05-T02,D04-B05-T05,D04-B05-T07,D04-B05-T09,D04-B05-T10,D04-B07-T02","D04-B01-H020,D04-B01-H021,D04-B01-H022,D04-B01-H023,D04-B01-H024,D04-B01-H028,D04-B01-H029,D04-B01-H035,D04-B01-H036,D04-B01-H037,D04-B03-H014,D04-B03-H015,D04-B03-H016,D04-B03-H037,D04-B03-H038,D04-B03-H039,D04-B03-H040,D04-B03-H041,D04-B03-H042,D04-B03-H043,D04-B03-H044,D04-B03-H045,D04-B03-H046,D04-B03-H048,D04-B03-H052,D04-B03-H053,D04-B03-H054,D04-B03-H055,D04-B03-H059,D04-B03-H060,D04-B03-H061,D04-B03-H062,D04-B03-H063,D04-B03-H064,D04-B03-H066,D04-B03-H067,D04-B03-H072,D04-B03-H078,D04-B03-H079,D04-B05-H002,D04-B05-H003,D04-B05-H004,D04-B05-H005,D04-B05-H006,D04-B05-H008,D04-B05-H009,D04-B05-H010,D04-B05-H012,D04-B05-H013,D04-B05-H014,D04-B05-H015,D04-B05-H016,D04-B05-H017,D04-B05-H022,D04-B05-H023,D04-B05-H024,D04-B05-H025,D04-B05-H036,D04-B05-H037,D04-B05-H038,D04-B05-H039,D04-B05-H040,D04-B05-H041,D04-B07-H051"
36.323215946493,32.2951047520651,NST-04-08,NST-4-8,NST,4,8,1,25,29,21,65,"D04-B10-T01,D04-B10-T02,D04-B10-T03,D04-B10-T04,D04-B10-T05,D04-B10-T06,D04-B10-T07,D04-B10-T08,D04-B10-T09,D04-B10-T10,D04-B10-T11,D04-B10-T12,D04-B10-T13,D04-B10-T14,D04-B10-T15,D04-B12-T03,D04-B12-T04,D04-B12-T05,D04-B12-T06,D04-B12-T07,D04-B12-T10","D04-B10-H001,D04-B10-H002,D04-B10-H003,D04-B10-H004,D04-B10-H005,D04-B10-H006,D04-B10-H007,D04-B10-H008,D04-B10-H011,D04-B10-H012,D04-B10-H013,D04-B10-H014,D04-B10-H015,D04-B10-H015,D04-B10-H016,D04-B10-H017,D04-B10-H018,D04-B10-H019,D04-B10-H020,D04-B10-H021,D04-B10-H022,D04-B10-H023,D04-B10-H024,D04-B10-H025,D04-B10-H026,D04-B10-H027,D04-B10-H029,D04-B10-H030,D04-B10-H031,D04-B10-H032,D04-B10-H033,D04-B10-H034,D04-B10-H037,D04-B10-H038,D04-B10-H039,D04-B10-H042,D04-B10-H044,D04-B10-H046,D04-B10-H047,D04-B10-H048,D04-B10-H053,D04-B10-H054,D04-B10-H056,D04-B10-H059,D04-B10-H061,D04-B10-H063,D04-B10-H065,D04-B10-H066,D04-B10-H067,D04-B10-H068,D04-B10-H069,D04-B12-H001,D04-B12-H002,D04-B12-H003,D04-B12-H012,D04-B12-H013,D04-B12-H014,D04-B12-H015,D04-B12-H018,D04-B12-H019,D04-B12-H020,D04-B12-H021,D04-B12-H022,D04-B12-H023,D04-B12-H024"
36.3281928444025,32.3002438974587,NST-05-01,NST-5-1,NST,5,1,1,25,29,15,67,"D05-B01-T01,D05-B01-T02,D05-B01-T03,D05-B01-T04,D05-B01-T05,D05-B01-T06,D05-B01-T07,D05-B01-T08,D05-B01-T09,D05-B01-T11,D05-B01-T12,D05-B03-T01,D05-B03-T02,D05-B03-T03,D05-B03-T04","D05-B01-H060,D05-B01-H062,D05-B01-H066,D05-B01-H068,D05-B01-H069A,D05-B01-H069B,D05-B01-H070,D05-B01-H072,D05-B01-H073A,D05-B01-H075,D05-B01-H076,D05-B01-H077,D05-B01-H078,D05-B01-H079,D05-B01-H080,D05-B01-H081,D05-B01-H082,D05-B01-H083,D05-B01-H084,D05-B01-H085,D05-B01-H088A,D05-B01-H088B,D05-B01-H089,D05-B01-H090,D05-B01-H095,D05-B01-H096,D05-B01-H096,D05-B01-H097,D05-B01-H098,D05-B01-H099,D05-B01-H100,D05-B01-H102,D05-B01-H104A,D05-B01-H104B,D05-B01-H106,D05-B01-H107,D05-B01-H109,D05-B01-H110,D05-B01-H111,D05-B01-H112,D05-B01-H113,D05-B01-H114,D05-B01-H115,D05-B01-H116,D05-B01-H118,D05-B01-H119,D05-B01-H120,D05-B01-H121,D05-B01-H124,D05-B01-H125,D05-B01-H126,D05-B01-H127,D05-B03-H019,D05-B03-H020,D05-B03-H021,D05-B03-H022,D05-B03-H024,D05-B03-H025,D05-B03-H026,D05-B03-H027,D05-B03-H028,D05-B03-H029,D05-B03-H030A,D05-B03-H030B,D05-B03-H031,D05-B03-H032,D05-B03-H033"
36.3272862846482,32.2978759194111,NST-05-02,NST-5-2,NST,5,2,1,25,33,10,46,"D05-B11-T02,D05-B11-T05,D05-B11-T07,D05-B13-T01,D05-B13-T02,D05-B13-T03,D05-B13-T04,D05-B13-T05,D05-B13-T06,D05-B13-T07","D05-B11-H010,D05-B11-H011,D05-B11-H012,D05-B11-H013,D05-B11-H015,D05-B11-H017,D05-B11-H019,D05-B11-H020,D05-B11-H021,D05-B11-H033,D05-B11-H038,D05-B11-H039,D05-B11-H041,D05-B13-H001,D05-B13-H002,D05-B13-H004,D05-B13-H005,D05-B13-H006,D05-B13-H007,D05-B13-H008,D05-B13-H009,D05-B13-H010,D05-B13-H012,D05-B13-H013,D05-B13-H014,D05-B13-H015,D05-B13-H016,D05-B13-H017A,D05-B13-H017B,D05-B13-H019,D05-B13-H021,D05-B13-H022,D05-B13-H023,D05-B13-H024,D05-B13-H025,D05-B13-H026,D05-B13-H027,D05-B13-H028,D05-B13-H029,D05-B13-H030,D05-B13-H031,D05-B13-H032,D05-B13-H033A,D05-B13-H033B,D05-B13-H034,D05-B13-H035"
36.3285040096723,32.2940256897404,NST-05-08,NST-5-8,NST,5,8,1,25,29,12,63,"D05-B17-T02,D05-B19-T01,D05-B19-T02,D05-B19-T03,D05-B19-T04,D05-B19-T05,D05-B21-T05,D05-B21-T06,D05-B21-T07,D05-B21-T08,D05-B21-T09,D05-B21-T10","D05-B17-H036,D05-B17-H037,D05-B17-H038,D05-B19-H001,D05-B19-H002,D05-B19-H003,D05-B19-H004,D05-B19-H005,D05-B19-H007,D05-B19-H009,D05-B19-H011,D05-B19-H016,D05-B19-H017,D05-B19-H021,D05-B19-H022,D05-B19-H023,D05-B19-H024,D05-B19-H026,D05-B19-H027,D05-B19-H030,D05-B19-H031,D05-B19-H032,D05-B19-H034,D05-B19-H036,D05-B19-H037,D05-B19-H038,D05-B19-H039,D05-B19-H040,D05-B19-H041,D05-B21-H001,D05-B21-H004,D05-B21-H005,D05-B21-H006,D05-B21-H009,D05-B21-H010,D05-B21-H013,D05-B21-H015,D05-B21-H016,D05-B21-H017,D05-B21-H018,D05-B21-H019,D05-B21-H021,D05-B21-H022,D05-B21-H024,D05-B21-H025,D05-B21-H026,D05-B21-H029,D05-B21-H030,D05-B21-H031,D05-B21-H032,D05-B21-H033,D05-B21-H034A,D05-B21-H034B,D05-B21-H035,D05-B21-H036,D05-B21-H037,D05-B21-H039,D05-B21-H040,D05-B21-H046,D05-B21-H047,D05-B21-H048,D05-B21-H050A,D05-B21-H050B"
36.3306757125604,32.3004580020903,NST-05-09,NST-5-9,NST,5,9,1,25,29,6,31,"D05-B01-T19,D05-B01-T20,D05-B01-T22,D05-B01-T23,D05-B01-T24,D05-B01-T27","D05-B01-H001,D05-B01-H002,D05-B01-H003,D05-B01-H004,D05-B01-H009,D05-B01-H010,D05-B01-H011,D05-B01-H012,D05-B01-H013,D05-B01-H014A,D05-B01-H014B,D05-B01-H015,D05-B01-H016,D05-B01-H017,D05-B01-H018,D05-B01-H020,D05-B01-H021,D05-B01-H022,D05-B01-H026A,D05-B01-H028,D05-B01-H029,D05-B01-H030,D05-B01-H031,D05-B01-H033,D05-B01-H041,D05-B01-H042,D05-B01-H044,D05-B01-H045,D05-B01-H046,D05-B01-H047,D05-B01-H048B"
36.330578816958,32.2983807243974,NST-05-10,NST-5-10,NST,5,10,1,25,29,9,50,"D05-B08-T01,D05-B08-T02,D05-B08-T03,D05-B08-T04,D05-B08-T05,D05-B10-T02,D05-B10-T04,D05-B10-T05,D05-B10-T06","D05-B08-H001,D05-B08-H002,D05-B08-H003,D05-B08-H004,D05-B08-H005,D05-B08-H006,D05-B08-H007,D05-B08-H009,D05-B08-H010,D05-B08-H011,D05-B08-H012,D05-B08-H013,D05-B08-H014,D05-B08-H015A,D05-B08-H015B,D05-B08-H016,D05-B08-H017,D05-B08-H018,D05-B08-H019,D05-B08-H020,D05-B08-H021,D05-B08-H022,D05-B08-H023,D05-B08-H024,D05-B08-H025,D05-B08-H026,D05-B08-H027,D05-B08-H028,D05-B08-H029,D05-B10-H007,D05-B10-H008,D05-B10-H009,D05-B10-H010,D05-B10-H011,D05-B10-H016A,D05-B10-H016B,D05-B10-H017A,D05-B10-H017B,D05-B10-H018,D05-B10-H019,D05-B10-H020,D05-B10-H022,D05-B10-H023,D05-B10-H024,D05-B10-H025,D05-B10-H026,D05-B10-H027,D05-B10-H028,D05-B10-H029,D05-B10-H030"
36.3322442449376,32.2999138182269,NST-05-13,NST-5-13,NST,5,13,1,25,29,16,83,"D05-B02-T04,D05-B02-T05,D05-B02-T06,D05-B02-T07,D05-B02-T08,D05-B02-T09,D05-B02-T10,D05-B02-T11,D05-B02-T12,D05-B02-T13,D05-B02-T14,D05-B02-T15,D05-B02-T16,D05-B02-T17,D05-B02-T18,D05-B02-T19","D05-B02-H004,D05-B02-H009,D05-B02-H011A,D05-B02-H012,D05-B02-H013,D05-B02-H015,D05-B02-H016A,D05-B02-H016B,D05-B02-H021,D05-B02-H022,D05-B02-H028,D05-B02-H029,D05-B02-H030,D05-B02-H031,D05-B02-H032,D05-B02-H033,D05-B02-H034A,D05-B02-H034B,D05-B02-H035,D05-B02-H036,D05-B02-H037,D05-B02-H039,D05-B02-H040,D05-B02-H041,D05-B02-H042,D05-B02-H043,D05-B02-H045,D05-B02-H046,D05-B02-H047A,D05-B02-H047B,D05-B02-H048,D05-B02-H049,D05-B02-H050,D05-B02-H051,D05-B02-H052,D05-B02-H053,D05-B02-H054,D05-B02-H055,D05-B02-H056,D05-B02-H058,D05-B02-H059,D05-B02-H060,D05-B02-H061,D05-B02-H062,D05-B02-H063,D05-B02-H065,D05-B02-H066,D05-B02-H067,D05-B02-H067A,D05-B02-H068,D05-B02-H069A,D05-B02-H069B,D05-B02-H070,D05-B02-H071,D05-B02-H072,D05-B02-H073,D05-B02-H074,D05-B02-H076,D05-B02-H077,D05-B02-H079,D05-B02-H080,D05-B02-H081,D05-B02-H082,D05-B02-H083,D05-B02-H084,D05-B02-H085,D05-B02-H086,D05-B02-H087,D05-B02-H088,D05-B02-H089,D05-B02-H090,D05-B02-H091,D05-B02-H092,D05-B02-H093,D05-B02-H094,D05-B02-H095,D05-B02-H096,D05-B02-H097,D05-B02-H098,D05-B02-H099,D05-B02-H100,D05-B02-H101,D05-B02-H102"
36.3300853465475,32.2939534366704,NST-05-14,NST-5-14,NST,5,14,1,25,29,7,33,"D05-B20-T01,D05-B20-T02,D05-B20-T03,D05-B20-T04,D05-B22-T01,D05-B22-T02,D05-B22-T03","D05-B20-H001,D05-B20-H002,D05-B20-H003,D05-B20-H004A,D05-B20-H004B,D05-B20-H007,D05-B20-H008,D05-B20-H009,D05-B20-H010,D05-B20-H011,D05-B20-H014,D05-B20-H015A,D05-B20-H015B,D05-B20-H015C,D05-B20-H015D,D05-B20-H016A,D05-B20-H016B,D05-B20-H016C,D05-B22-H001,D05-B22-H002,D05-B22-H004,D05-B22-H005,D05-B22-H006,D05-B22-H007,D05-B22-H008,D05-B22-H009,D05-B22-H010,D05-B22-H011,D05-B22-H012,D05-B22-H013,D05-B22-H014,D05-B22-H015,D05-B22-H016"
36.3319389797212,32.295635674498,NST-05-16,NST-5-16,NST,5,16,1,25,27,7,48,"D05-B12-T03,D05-B12-T04,D05-B12-T05,D05-B12-T06,D05-B14-T05,D05-B14-T06,D05-B14-T07","D05-B12-H009,D05-B12-H011,D05-B12-H012A,D05-B12-H012B,D05-B12-H013,D05-B12-H014,D05-B12-H015,D05-B12-H016A,D05-B12-H016B,D05-B12-H017,D05-B12-H018,D05-B12-H019,D05-B12-H020,D05-B12-H021,D05-B12-H022,D05-B12-H023,D05-B12-H026,D05-B12-H028,D05-B12-H030A,D05-B12-H030B,D05-B12-H031,D05-B12-H032,D05-B12-H033,D05-B12-H034,D05-B12-H035,D05-B12-H036,D05-B12-H037,D05-B12-H039,D05-B12-H041A,D05-B12-H041B,D05-B12-H043,D05-B12-H044,D05-B14-H026,D05-B14-H027,D05-B14-H028,D05-B14-H029A,D05-B14-H029B,D05-B14-H029C,D05-B14-H030,D05-B14-H031,D05-B14-H033,D05-B14-H034,D05-B14-H035,D05-B14-H037,D05-B14-H038,D05-B14-H039,D05-B14-H040,D05-B14-H041"
36.3331219243986,32.298680184155,NST-05-17,NST-5-17,NST,5,17,1,25,27,15,63,"D05-B04-T04,D05-B04-T05,D05-B04-T06,D05-B04-T07,D05-B04-T08,D05-B06-T05,D05-B06-T06,D05-B06-T07,D05-B06-T08,D05-B08-T06,D05-B08-T07,D05-B08-T08,D05-B10-T08,D05-B10-T09,D05-B10-T12","D05-B04-H018A,D05-B04-H018B,D05-B04-H019C,D05-B04-H019D,D05-B04-H020,D05-B04-H022,D05-B04-H023A,D05-B04-H023B,D05-B04-H024A,D05-B04-H024B,D05-B04-H025,D05-B04-H026,D05-B04-H027,D05-B04-H028,D05-B04-H029,D05-B04-H030,D05-B04-H032,D05-B04-H034,D05-B04-H035,D05-B04-H036,D05-B05-H028,D05-B05-H029,D05-B05-H030,D05-B05-H031,D05-B05-H032A,D05-B05-H032B,D05-B05-H033,D05-B05-H035,D05-B05-H036,D05-B05-H037A,D05-B05-H037B,D05-B05-H038A,D05-B05-H038B,D05-B05-H039,D05-B05-H040,D05-B08-H030,D05-B08-H031A,D05-B08-H031B,D05-B08-H032,D05-B08-H033,D05-B08-H034,D05-B08-H036,D05-B08-H037,D05-B08-H038A,D05-B08-H038B,D05-B08-H039,D05-B08-H040,D05-B08-H041,D05-B10-H038,D05-B10-H039,D05-B10-H040,D05-B10-H041,D05-B10-H042,D05-B10-H043,D05-B10-H044A,D05-B10-H044B,D05-B10-H046A,D05-B10-H046B,D05-B10-H047,D05-B10-H048,D05-B10-H049,D05-B10-H057,D05-B10-H062"
36.3179460222016,32.2938018410256,NST-11-01,NST-11-1,NST,11,1,1,25,29,13,88,"D11-B01-T01,D11-B01-T02,D11-B03-T01,D11-B03-T02,D11-B03-T03,D11-B03-T04,D11-B03-T06,D11-B05-T01,D11-B05-T05,D11-B05-T06,D11-B05-T07,D11-B05-T08,D11-B05-T12","D11-B01-H099,D11-B01-H100,D11-B01-H101,D11-B01-H102,D11-B01-H103,D11-B01-H104,D11-B01-H105,D11-B01-H106,D11-B01-H107,D11-B01-H108,D11-B01-H109,D11-B03-H014,D11-B03-H063,D11-B03-H064,D11-B03-H069,D11-B03-H070,D11-B03-H071,D11-B03-H072,D11-B03-H073,D11-B03-H074,D11-B03-H081,D11-B03-H083,D11-B03-H084,D11-B03-H085,D11-B03-H086,D11-B03-H087,D11-B03-H088,D11-B03-H089,D11-B03-H090,D11-B03-H091,D11-B03-H092,D11-B03-H093,D11-B03-H094,D11-B03-H095,D11-B03-H096,D11-B03-H098,D11-B03-H099,D11-B03-H100,D11-B03-H101,D11-B03-H102,D11-B03-H103,D11-B03-H104,D11-B03-H105,D11-B03-H106,D11-B03-H107,D11-B03-H108,D11-B03-H109,D11-B03-H110,D11-B03-H111,D11-B03-H112,D11-B03-H113,D11-B05-H080,D11-B05-H081,D11-B05-H082,D11-B05-H083,D11-B05-H084,D11-B05-H085,D11-B05-H097,D11-B05-H098,D11-B05-H099,D11-B05-H100,D11-B05-H109,D11-B05-H110,D11-B05-H111,D11-B05-H112,D11-B05-H113,D11-B05-H114,D11-B05-H115,D11-B05-H116,D11-B05-H117,D11-B05-H120,D11-B05-H121,D11-B05-H122,D11-B05-H123,D11-B05-H124,D11-B05-H125,D11-B05-H126,D11-B05-H127,D11-B05-H132,D11-B05-H133,D11-B05-H134,D11-B05-H135,D11-B05-H136,D11-B05-H137,D11-B05-H138,D11-B05-H140,D11-B05-H148,D11-B05-H149"
36.3172184087993,32.2921868878424,NST-11-02,NST-11-2,NST,11,2,2,30,34,16,112,"D11-B05-T02,D11-B05-T03,D11-B05-T04,D11-B07-T01,D11-B07-T02,D11-B07-T03,D11-B07-T04,D11-B07-T05,D11-B07-T07,D11-B09-T01,D11-B09-T02,D11-B09-T03,D11-B09-T04,D11-B09-T05,D11-B09-T06,D11-B09-T07","D11-B05-H102,D11-B05-H103,D11-B05-H104,D11-B05-H105,D11-B05-H106,D11-B05-H107,D11-B05-H108,D11-B05-H118,D11-B05-H119,D11-B05-H128,D11-B05-H129,D11-B05-H130,D11-B05-H131,D11-B05-H141,D11-B05-H142,D11-B05-H143,D11-B05-H144,D11-B05-H145,D11-B05-H146,D11-B05-H150,D11-B05-H151,D11-B07-H053,D11-B07-H054,D11-B07-H055,D11-B07-H056,D11-B07-H057,D11-B07-H058,D11-B07-H059,D11-B07-H064,D11-B07-H065,D11-B07-H066,D11-B07-H067,D11-B07-H068,D11-B07-H069,D11-B07-H070,D11-B07-H071,D11-B07-H072,D11-B07-H073,D11-B07-H074,D11-B07-H075,D11-B07-H076,D11-B07-H077,D11-B07-H078,D11-B07-H079,D11-B07-H080,D11-B07-H081,D11-B07-H082,D11-B07-H083,D11-B07-H084,D11-B07-H085,D11-B07-H086,D11-B07-H087,D11-B07-H088,D11-B07-H089,D11-B07-H090,D11-B07-H090,D11-B07-H091,D11-B07-H092,D11-B07-H093,D11-B07-H094,D11-B07-H095,D11-B07-H096,D11-B07-H097,D11-B07-H098,D11-B09-H045,D11-B09-H046,D11-B09-H048,D11-B09-H058,D11-B09-H059,D11-B09-H060,D11-B09-H062,D11-B09-H065,D11-B09-H066,D11-B09-H067,D11-B09-H068,D11-B09-H069,D11-B09-H070,D11-B09-H071,D11-B09-H072,D11-B09-H073,D11-B09-H074,D11-B09-H075,D11-B09-H076,D11-B09-H077,D11-B09-H078,D11-B09-H079,D11-B09-H080,D11-B09-H081,D11-B09-H082,D11-B09-H083,D11-B09-H084,D11-B09-H085,D11-B09-H086,D11-B09-H087,D11-B09-H088,D11-B09-H089,D11-B09-H090,D11-B09-H091,D11-B09-H092,D11-B09-H093,D11-B09-H094,D11-B09-H095,D11-B09-H096,D11-B09-H097,D11-B09-H098,D11-B09-H099,D11-B09-H100,D11-B09-H101,D11-B09-H102,D11-B09-H103,D11-B09-H104,D11-B09-H105"
,,OST-02-06,OST-2-6,OST,2,6,,20,28,3,28,"D12-B01-T06,D12-B01-T07,D12-B01-T08","D12-B01-H069,D12-B01-H071,D12-B01-H072,D12-B01-H073,D12-B01-H074,D12-B01-H075,D12-B01-H076,D12-B01-H077,D12-B01-H078,D12-B01-H079,D12-B01-H080,D12-B01-H081,D12-B01-H082,D12-B01-H083,D12-B01-H084,D12-B01-H085,D12-B01-H086,D12-B01-H087,D12-B01-H088,D12-B01-H089,D12-B01-H090,D12-B01-H091,D12-B01-H092,D12-B01-H093,D12-B01-H094,D12-B01-H095,D12-B01-H096,D12-B01-H097"
,,OST-02-18,OST-2-18,OST,2,18,,20,24,8,69,"D12-B01-T09,D12-B01-T10,D12-B01-T11,D12-B02-T13,D12-B02-T14,D12-B02-T15,D12-B02-T17,D12-B02-T18","D12-B01-H045,D12-B01-H046,D12-B01-H047,D12-B01-H049,D12-B01-H050,D12-B01-H051,D12-B01-H052,D12-B01-H053,D12-B01-H054,D12-B01-H054-1,D12-B01-H055,D12-B01-H056,D12-B01-H058,D12-B01-H059,D12-B01-H060,D12-B01-H061,D12-B01-H062,D12-B01-H063,D12-B01-H064,D12-B01-H065,D12-B01-H066,D12-B01-H067,D12-B01-H068,D12-B01-H070,D12-B02-H043,D12-B02-H046,D12-B02-H047,D12-B02-H048,D12-B02-H053,D12-B02-H054,D12-B02-H055,D12-B02-H056,D12-B02-H057,D12-B02-H058,D12-B02-H058,D12-B02-H060,D12-B02-H061,D12-B02-H063,D12-B02-H064,D12-B02-H065,D12-B02-H066,D12-B02-H066,D12-B02-H067,D12-B02-H067,D12-B02-H069,D12-B02-H070,D12-B02-H071,D12-B02-H075,D12-B02-H076,D12-B02-H077,D12-B02-H077,D12-B02-H078,D12-B02-H079,D12-B02-H082,D12-B02-H083,D12-B02-H084,D12-B02-H085,D12-B02-H086,D12-B02-H087,D12-B02-H088,D12-B02-H089,D12-B02-H090,D12-B02-H091,D12-B02-H092,D12-B02-H093,D12-B02-H094,D12-B02-H095,D12-B02-H096,D12-B02-H096"
,,OST-02-25,OST-2-25,OST,2,25,,20,4,1,8,D12-B01-T12,"D12-B01-H037,D12-B01-H038,D12-B01-H040,D12-B01-H041,D12-B01-H042,D12-B01-H043,D12-B01-H044,D12-B01-H048"
,,OST-02-30,OST-2-30,OST,2,30,,20,24,9,72,"D12-B01-T13,D12-B01-T14,D12-B01-T15,D12-B01-T16,D12-B02-T19,D12-B02-T20,D12-B02-T21,D12-B02-T22,D12-B03-T19","D12-B01-H001,D12-B01-H002,D12-B01-H003,D12-B01-H004,D12-B01-H005,D12-B01-H006,D12-B01-H007,D12-B01-H008,D12-B01-H009,D12-B01-H010,D12-B01-H011,D12-B01-H011-1,D12-B01-H012,D12-B01-H013,D12-B01-H014,D12-B01-H015,D12-B01-H016,D12-B01-H017,D12-B01-H018,D12-B01-H019,D12-B01-H020,D12-B01-H021,D12-B01-H021,D12-B01-H022,D12-B01-H023,D12-B01-H024,D12-B01-H025,D12-B01-H026,D12-B01-H027,D12-B01-H028,D12-B01-H029,D12-B01-H030,D12-B01-H031,D12-B01-H032,D12-B01-H033,D12-B01-H034,D12-B01-H035,D12-B01-H036,D12-B02-H001,D12-B02-H017,D12-B02-H024,D12-B02-H025,D12-B02-H026,D12-B02-H028,D12-B02-H029,D12-B02-H030,D12-B02-H031,D12-B02-H032,D12-B02-H033,D12-B02-H033,D12-B02-H034,D12-B02-H034,D12-B02-H035,D12-B02-H036,D12-B02-H037,D12-B02-H039,D12-B02-H040,D12-B02-H041,D12-B02-H042,D12-B02-H042,D12-B02-H043,D12-B02-H044,D12-B02-H045,D12-B02-H049,D12-B02-H050,D12-B02-H051,D12-B03-H042,D12-B03-H043,D12-B03-H044,D12-B03-H045,D12-B03-H046,D12-B03-H047"
36.3225618010207,32.2994690253534,OST-03-05,OST-3-5,OST,3,5,1,,4,9,30,"D03-B11-T21,D03-B11-T22,D03-B11-T23,D03-B11-T24,D03-B11-T26,D03-B11-T27,D03-B11-T29,D03-B11-T30,D03-B11-T31","D03-B11-H007,D03-B11-H013,D03-B11-H014,D03-B11-H015,D03-B11-H015-1,D03-B11-H016,D03-B11-H021,D03-B11-H022,D03-B11-H023,D03-B11-H024,D03-B11-H025,D03-B11-H028,D03-B11-H029,D03-B11-H030,D03-B11-H031,D03-B11-H032,D03-B11-H033,D03-B11-H034,D03-B11-H035,D03-B11-H038,D03-B11-H040,D03-B11-H041,D03-B11-H042,D03-B11-H043,D03-B11-H048,D03-B11-H049,D03-B11-H050,D03-B11-H051,D03-B11-H052,D03-B11-H055"
36.3237025164295,32.2997232284609,OST-03-09,OST-3-9,OST,3,9,1,,8,2,10,"D03-B09-T13,D03-B09-T16","D03-B09-H001,D03-B09-H005,D03-B09-H006,D03-B09-H007,D03-B09-H008,D03-B09-H015,D03-B09-H016,D03-B09-H017,D03-B09-H018,D03-B09-H024"
36.3241118997651,32.3006588696987,OST-03-10,OST-3-10,OST,3,10,1,,4,8,29,"D03-B05-T14,D03-B05-T15,D03-B05-T19,D03-B07-T12,D03-B07-T13,D03-B07-T16,D03-B07-T18,D03-B07-T22","D03-B05-H001,D03-B05-H002,D03-B05-H003,D03-B05-H004,D03-B05-H006,D03-B05-H010,D03-B05-H015,D03-B05-H016,D03-B05-H019,D03-B05-H020,D03-B05-H023,D03-B07-H001,D03-B07-H002,D03-B07-H003,D03-B07-H010,D03-B07-H011,D03-B07-H014,D03-B07-H020,D03-B07-H021,D03-B07-H022,D03-B07-H023,D03-B07-H024,D03-B07-H034,D03-B07-H035,D03-B07-H036,D03-B07-H044,D03-B07-H045,D03-B07-H046,D03-B07-H047"
36.324444077894,32.3013182897353,OST-03-11,OST-3-11,OST,3,11,1,,4,9,35,"D03-B01-T23,D03-B01-T26,D03-B01-T28,D03-B03-T11,D03-B03-T22,D03-B03-T23,D03-B03-T24,D03-B03-T26,D03-B03-T27","D03-B01-H005,D03-B01-H006,D03-B01-H007,D03-B01-H008,D03-B01-H009,D03-B01-H010,D03-B01-H011,D03-B01-H012,D03-B01-H013,D03-B01-H014,D03-B01-H016,D03-B01-H017,D03-B01-H039,D03-B01-H040,D03-B01-H041,D03-B01-H042,D03-B01-H045,D03-B01-H046,D03-B03-H001,D03-B03-H002,D03-B03-H003,D03-B03-H004,D03-B03-H006,D03-B03-H007,D03-B03-H008,D03-B03-H009,D03-B03-H010,D03-B03-H011,D03-B03-H012,D03-B03-H013,D03-B03-H015,D03-B03-H016,D03-B03-H016-1,D03-B03-H017,D03-B03-H048"
36.3247487260809,32.3024562813048,OST-03-14,OST-3-14,OST,3,14,1,,4,6,18,"D03-B01-T19,D03-B01-T21,D03-B01-T25,D03-B01-T29,D03-B01-T30,D03-B01-T33","D03-B01-H024,D03-B01-H025,D03-B01-H029,D03-B01-H030,D03-B01-H031,D03-B01-H032,D03-B01-H033,D03-B01-H034,D03-B01-H036,D03-B01-H051,D03-B01-H052,D03-B01-H053,D03-B01-H054,D03-B01-H055,D03-B01-H056,D03-B01-H066,D03-B01-H067,D03-B01-H068"
36.3264614715805,32.2997928644933,OST-03-17,OST-3-17,OST,3,17,1,,2,5,17,"D03-B06-T08,D03-B06-T10,D03-B06-T12,D03-B06-T13,D03-B06-T14","D03-B06-H029,D03-B06-H030,D03-B06-H032,D03-B06-H033,D03-B06-H034,D03-B06-H035,D03-B06-H036,D03-B06-H038,D03-B06-H039,D03-B06-H040,D03-B06-H041,D03-B06-H042,D03-B06-H044,D03-B06-H044,D03-B06-H047,D03-B06-H048,D03-B06-H049"
36.3267033961795,32.2985348371925,OST-03-18,OST-3-18,OST,3,18,1,,4,6,17,"D03-B08-T08,D03-B08-T09,D03-B08-T10,D03-B10-T04,D03-B10-T05,D03-B10-T06","D03-B08-H038,D03-B08-H039,D03-B08-H040,D03-B08-H042,D03-B08-H043,D03-B08-H044,D03-B08-H045,D03-B08-H046,D03-B08-H047,D03-B08-H048,D03-B10-H022,D03-B10-H023,D03-B10-H024,D03-B10-H026,D03-B10-H029,D03-B10-H030,D03-B10-H032"
36.3212374947167,32.297318943593,OST-04-02,OST-4-2,OST,4,2,1,,8,8,34,"D04-B03-T03,D04-B03-T05,D04-B05-T01,D04-B05-T03,D04-B09-T06,D04-B09-T08,D04-B09-T09,D04-B09-T12","D04-B03-H068,D04-B03-H069,D04-B03-H070,D04-B03-H071,D04-B03-H080,D04-B05-H030,D04-B05-H031,D04-B05-H033,D04-B05-H034,D04-B05-H035,D04-B05-H042,D04-B05-H043,D04-B05-H044,D04-B05-H045,D04-B05-H046,D04-B05-H047,D04-B05-H048,D04-B05-H049,D04-B05-H050,D04-B09-H045,D04-B09-H046,D04-B09-H047,D04-B09-H048,D04-B09-H049,D04-B09-H049,D04-B09-H050,D04-B09-H051,D04-B09-H052,D04-B09-H062,D04-B09-H063,D04-B09-H064,D04-B09-H065,D04-B09-H066,D04-B09-H067"
36.3220223640789,32.2959942782662,OST-04-04,OST-4-4,OST,4,4,1,,4,21,76,"D04-B07-T01,D04-B07-T03,D04-B07-T04,D04-B07-T05,D04-B07-T06,D04-B07-T07,D04-B07-T08,D04-B07-T09,D04-B07-T10,D04-B07-T11,D04-B07-T12,D04-B07-T13,D04-B07-T14,D04-B07-T15,D04-B07-T16,D04-B09-T16,D04-B09-T17,D04-B09-T18,D04-B09-T19,D04-B09-T20,D04-B11-T17","D04-B07-H001,D04-B07-H002,D04-B07-H003,D04-B07-H004,D04-B07-H005,D04-B07-H006,D04-B07-H007,D04-B07-H008,D04-B07-H009,D04-B07-H010,D04-B07-H011,D04-B07-H012,D04-B07-H013,D04-B07-H014,D04-B07-H015,D04-B07-H016,D04-B07-H017,D04-B07-H017,D04-B07-H018,D04-B07-H019,D04-B07-H020,D04-B07-H021,D04-B07-H022,D04-B07-H023,D04-B07-H024,D04-B07-H025,D04-B07-H026,D04-B07-H027,D04-B07-H028,D04-B07-H029,D04-B07-H030,D04-B07-H031,D04-B07-H032,D04-B07-H033,D04-B07-H034,D04-B07-H035,D04-B07-H036,D04-B07-H037,D04-B07-H038,D04-B07-H039,D04-B07-H040,D04-B07-H041,D04-B07-H042,D04-B07-H043,D04-B07-H044,D04-B07-H045,D04-B07-H046,D04-B07-H047,D04-B07-H048,D04-B07-H049,D04-B07-H050,D04-B07-H052,D04-B07-H053,D04-B07-H054,D04-B09-H001,D04-B09-H002,D04-B09-H003,D04-B09-H004,D04-B09-H005,D04-B09-H006,D04-B09-H007,D04-B09-H008,D04-B09-H009,D04-B09-H010,D04-B09-H011,D04-B09-H012,D04-B09-H013,D04-B09-H014,D04-B09-H015,D04-B09-H016,D04-B09-H017,D04-B09-H018,D04-B09-H019,D04-B09-H021,D04-B11-H020,D04-B11-H021"
36.3227609875979,32.297802053304,OST-04-06,OST-4-6,OST,4,6,1,,2,10,32,"D04-B01-T01,D04-B01-T06,D04-B01-T08,D04-B01-T09,D04-B01-T10,D04-B01-T11,D04-B03-T23,D04-B03-T25,D04-B03-T26,D04-B03-T27","D04-B01-H001,D04-B01-H002,D04-B01-H003,D04-B01-H004,D04-B01-H005,D04-B01-H006,D04-B01-H007,D04-B01-H008,D04-B01-H009,D04-B01-H010,D04-B01-H011,D04-B01-H011,D04-B01-H012,D04-B01-H013,D04-B01-H017,D04-B01-H019,D04-B01-H024,D04-B01-H025,D04-B01-H037,D04-B01-H038,D04-B01-H039,D04-B01-H040,D04-B01-H041,D04-B03-H002,D04-B03-H009,D04-B03-H010,D04-B03-H010,D04-B03-H011,D04-B03-H012,D04-B03-H017,D04-B03-H018,D04-B03-H019"
36.3244486064857,32.2955553603781,OST-04-12,OST-4-12,OST,4,12,1,,4,10,33,"D04-B08-T01,D04-B08-T03,D04-B08-T05,D04-B08-T06,D04-B08-T07,D04-B08-T09,D04-B08-T10,D04-B08-T11,D04-B08-T12,D04-B08-T13","D04-B08-H003,D04-B08-H004,D04-B08-H005,D04-B08-H013,D04-B08-H014,D04-B08-H015,D04-B08-H016,D04-B08-H017,D04-B08-H018,D04-B08-H019,D04-B08-H020,D04-B08-H021,D04-B08-H023,D04-B08-H024,D04-B08-H025,D04-B08-H026,D04-B08-H027,D04-B08-H028,D04-B08-H029,D04-B08-H031,D04-B08-H032,D04-B08-H034,D04-B08-H035,D04-B08-H036,D04-B08-H037,D04-B08-H038,D04-B08-H039,D04-B08-H041,D04-B08-H042,D04-B08-H044,D04-B08-H045,D04-B08-H047,D04-B08-H048"
36.3256328327272,32.297604087427,OST-04-15,OST-4-15,OST,4,15,1,,4,7,23,"D03-B14-T05,D03-B14-T06,D04-B02-T06,D04-B02-T08,D04-B02-T09,D04-B02-T10,D04-B02-T12","D03-B14-H017,D03-B14-H020,D03-B14-H021,D03-B14-H023,D03-B14-H025,D04-B02-H020,D04-B02-H021,D04-B02-H024,D04-B02-H025,D04-B02-H026,D04-B02-H027,D04-B02-H028,D04-B02-H031,D04-B02-H032,D04-B02-H033,D04-B02-H036,D04-B02-H037,D04-B02-H038,D04-B02-H039,D04-B02-H040,D04-B02-H041,D04-B02-H042,D04-B02-H045"
36.3279138770517,32.2968603009003,OST-05-03,OST-5-3,OST,5,3,1,25,33,7,34,"D05-B15-T02,D05-B15-T03,D05-B15-T04,D05-B15-T05,D05-B15-T06,D05-B15-T07,D05-B15-T08","D05-B15-H001,D05-B15-H004,D05-B15-H005,D05-B15-H006,D05-B15-H007,D05-B15-H008A,D05-B15-H008B,D05-B15-H009,D05-B15-H010A,D05-B15-H010B,D05-B15-H011,D05-B15-H012,D05-B15-H013,D05-B15-H014,D05-B15-H015,D05-B15-H018,D05-B15-H019A,D05-B15-H019B,D05-B15-H020,D05-B15-H021,D05-B15-H022A,D05-B15-H022B,D05-B15-H022C,D05-B15-H023,D05-B15-H024,D05-B15-H025,D05-B15-H026,D05-B15-H029,D05-B15-H030,D05-B15-H033,D05-B15-H034,D05-B15-H035,D05-B15-H036B,D05-B15-H037"
36.3284112565379,32.2979558729131,OST-05-04,OST-5-4,OST,5,4,1,25,29,10,46,"D05-B07-T04,D05-B09-T02,D05-B09-T03,D05-B09-T04,D05-B09-T07,D05-B09-T08,D05-B09-T09,D05-B09-T10,D05-B09-T11,D05-B09-T12","D05-B07-H036,D05-B07-H037,D05-B07-H038,D05-B07-H039,D05-B07-H047,D05-B09-H001,D05-B09-H002,D05-B09-H003,D05-B09-H004A,D05-B09-H004B,D05-B09-H004C,D05-B09-H004D,D05-B09-H005,D05-B09-H006,D05-B09-H007,D05-B09-H008,D05-B09-H009,D05-B09-H010A,D05-B09-H010B,D05-B09-H011,D05-B09-H012,D05-B09-H013,D05-B09-H014,D05-B09-H015,D05-B09-H016,D05-B09-H017,D05-B09-H018,D05-B09-H019,D05-B09-H020,D05-B09-H021,D05-B09-H022,D05-B09-H024,D05-B09-H025,D05-B09-H027,D05-B09-H028,D05-B09-H029,D05-B09-H030,D05-B09-H031,D05-B09-H033,D05-B09-H036,D05-B09-H037,D05-B09-H038,D05-B09-H039,D05-B09-H040,D05-B09-H042,D05-B09-H044"
36.3288908356766,32.2989941825053,OST-05-05,OST-5-5,OST,5,5,1,25,29,17,84,"D05-B03-T05,D05-B05-T01,D05-B05-T02,D05-B05-T04,D05-B05-T05,D05-B05-T06,D05-B05-T07,D05-B05-T08,D05-B05-T09,D05-B07-T01,D05-B07-T02,D05-B07-T05,D05-B07-T06,D05-B07-T07,D05-B07-T08,D05-B07-T09,D05-B07-T10","D05-B03-H016,D05-B03-H017,D05-B03-H018,D05-B05-H001,D05-B05-H002,D05-B05-H003,D05-B05-H004,D05-B05-H006,D05-B05-H008,D05-B05-H010,D05-B05-H011,D05-B05-H012,D05-B05-H014,D05-B05-H015,D05-B05-H016,D05-B05-H017,D05-B05-H018,D05-B05-H020,D05-B05-H021,D05-B05-H023,D05-B05-H024,D05-B05-H025,D05-B05-H026,D05-B05-H027,D05-B05-H028,D05-B05-H029,D05-B05-H031,D05-B05-H032,D05-B05-H033,D05-B05-H034,D05-B05-H035,D05-B05-H037,D05-B05-H040,D05-B05-H042,D05-B05-H043A,D05-B05-H043B,D05-B05-H044,D05-B05-H045,D05-B05-H046,D05-B05-H047,D05-B05-H048,D05-B05-H049,D05-B05-H050,D05-B05-H051,D05-B05-H052,D05-B07-H001,D05-B07-H002,D05-B07-H003,D05-B07-H006,D05-B07-H007,D05-B07-H008,D05-B07-H009,D05-B07-H010,D05-B07-H011,D05-B07-H012,D05-B07-H013,D05-B07-H014,D05-B07-H015,D05-B07-H016,D05-B07-H017,D05-B07-H018,D05-B07-H020,D05-B07-H021,D05-B07-H022,D05-B07-H024,D05-B07-H025A,D05-B07-H025B,D05-B07-H026,D05-B07-H027,D05-B07-H028,D05-B07-H029,D05-B07-H031,D05-B07-H033,D05-B07-H034,D05-B07-H035,D05-B07-H044,D05-B07-H046,D05-B07-H047,D05-B07-H048,D05-B07-H049,D05-B07-H050,D05-B07-H051,D05-B07-H052,D05-B07-H053"
36.3292926258127,32.2998679840076,OST-05-06,OST-5-6,OST,5,6,1,25,27,8,28,"D05-B01-T10,D05-B01-T14,D05-B01-T18,D05-B01-T21,D05-B03-T06,D05-B03-T07,D05-B03-T08,D05-B03-T09","D05-B01-H023,D05-B01-H024,D05-B01-H025,D05-B01-H026B,D05-B01-H035,D05-B01-H036,D05-B01-H037,D05-B01-H038,D05-B01-H055,D05-B01-H056A,D05-B01-H056B,D05-B01-H057,D05-B01-H058,D05-B01-H059,D05-B01-H073B,D05-B01-H074A,D05-B01-H074B,D05-B03-H001,D05-B03-H002,D05-B03-H003,D05-B03-H004,D05-B03-H005,D05-B03-H008,D05-B03-H011,D05-B03-H012,D05-B03-H013,D05-B03-H014,D05-B03-H015"
36.3283849434527,32.2954539178096,OST-05-07,OST-5-7,OST,5,7,1,25,29,6,31,"D05-B17-T03,D05-B17-T04,D05-B17-T05,D05-B17-T06,D05-B17-T07,D05-B17-T08","D05-B17-H001,D05-B17-H002,D05-B17-H003,D05-B17-H004,D05-B17-H005,D05-B17-H006,D05-B17-H008,D05-B17-H009,D05-B17-H012,D05-B17-H013,D05-B17-H014,D05-B17-H015,D05-B17-H016,D05-B17-H017,D05-B17-H018,D05-B17-H019,D05-B17-H021,D05-B17-H022,D05-B17-H023,D05-B17-H024,D05-B17-H025,D05-B17-H026,D05-B17-H027,D05-B17-H028,D05-B17-H029,D05-B17-H030,D05-B17-H031,D05-B17-H032,D05-B17-H033,D05-B17-H034,D05-B17-H035"
36.3301493591182,32.2961293381026,OST-05-11,OST-5-11,OST,5,11,1,25,33,4,26,"D05-B14-T01,D05-B14-T02,D05-B14-T03,D05-B14-T04","D05-B14-H001,D05-B14-H002,D05-B14-H003,D05-B14-H004,D05-B14-H005,D05-B14-H006A,D05-B14-H006B,D05-B14-H006B,D05-B14-H007,D05-B14-H008A,D05-B14-H008B,D05-B14-H009,D05-B14-H010,D05-B14-H011,D05-B14-H012,D05-B14-H013,D05-B14-H014,D05-B14-H015,D05-B14-H016,D05-B14-H018,D05-B14-H020,D05-B14-H021,D05-B14-H022,D05-B14-H023,D05-B14-H024,D05-B14-H025"
36.3315038539934,32.2991342010262,OST-05-12,OST-5-12,OST,5,12,1,25,33,6,40,"D05-B04-T02,D05-B04-T03,D05-B06-T01,D05-B06-T02,D05-B06-T03,D05-B06-T04","D05-B04-H006,D05-B04-H008,D05-B04-H009,D05-B04-H010,D05-B04-H011,D05-B04-H012,D05-B04-H013,D05-B04-H014,D05-B04-H015,D05-B04-H016,D05-B04-H017,D05-B04-H019A,D05-B04-H019B,D05-B05-H001,D05-B05-H002,D05-B05-H003,D05-B05-H004,D05-B05-H005,D05-B05-H007,D05-B05-H008,D05-B05-H009,D05-B05-H010,D05-B05-H011,D05-B05-H012,D05-B05-H013A,D05-B05-H013B,D05-B05-H014,D05-B05-H015,D05-B05-H016,D05-B05-H017,D05-B05-H018,D05-B05-H019,D05-B05-H020,D05-B05-H021,D05-B05-H022,D05-B05-H023,D05-B05-H024,D05-B05-H025,D05-B05-H026,D05-B05-H027"
36.3305981251667,32.2947265185597,OST-05-15,OST-5-15,OST,5,15,1,25,29,16,91,"D05-B16-T01,D05-B16-T02,D05-B16-T03,D05-B16-T04,D05-B16-T05,D05-B16-T06,D05-B16-T07,D05-B16-T08,D05-B16-T09,D05-B16-T10,D05-B18-T03,D05-B18-T04,D05-B18-T05,D05-B18-T06,D05-B18-T07,D05-B18-T08","D05-B16-H001A,D05-B16-H001B,D05-B16-H002,D05-B16-H003,D05-B16-H004,D05-B16-H005,D05-B16-H006,D05-B16-H007,D05-B16-H008,D05-B16-H010,D05-B16-H011,D05-B16-H012A,D05-B16-H012B,D05-B16-H012C,D05-B16-H012D,D05-B16-H013,D05-B16-H014,D05-B16-H015,D05-B16-H016,D05-B16-H018,D05-B16-H019,D05-B16-H020,D05-B16-H021,D05-B16-H022,D05-B16-H023,D05-B16-H024,D05-B16-H025,D05-B16-H026,D05-B16-H027,D05-B16-H028,D05-B16-H029,D05-B16-H030,D05-B16-H031,D05-B16-H032A,D05-B16-H032B,D05-B16-H033,D05-B16-H034,D05-B16-H035,D05-B16-H036,D05-B16-H037,D05-B16-H038,D05-B16-H039,D05-B16-H040,D05-B16-H041,D05-B16-H042A,D05-B16-H042B,D05-B16-H043,D05-B16-H044,D05-B16-H045A,D05-B16-H045B,D05-B16-H046,D05-B16-H047,D05-B16-H048,D05-B16-H049,D05-B16-H050,D05-B18-H008C,D05-B18-H009,D05-B18-H010,D05-B18-H013,D05-B18-H014,D05-B18-H015,D05-B18-H016,D05-B18-H017,D05-B18-H018A,D05-B18-H018B,D05-B18-H019,D05-B18-H020A,D05-B18-H020B,D05-B18-H021,D05-B18-H022,D05-B18-H023,D05-B18-H024,D05-B18-H025A,D05-B18-H025B,D05-B18-H026,D05-B18-H027,D05-B18-H028,D05-B18-H029,D05-B18-H030,D05-B18-H031,D05-B18-H032,D05-B18-H033,D05-B18-H035,D05-B18-H036,D05-B18-H038,D05-B18-H039,D05-B18-H040,D05-B18-H041,D05-B18-H042,D05-B18-H043A,D05-B18-H043B"
36.3388197278519,32.2932816167279,OST-07-01,OST-7-1,OST,7,1,1,25,33,22,92,"D07-B09-T01,D07-B09-T02,D07-B09-T03,D07-B09-T04,D07-B11-T02,D07-B11-T03,D07-B11-T04,D07-B11-T05,D07-B11-T06,D07-B11-T08,D07-B11-T09,D07-B11-T11,D07-B11-T12,D07-B13-T02,D07-B13-T04,D07-B13-T05,D07-B13-T07,D07-B13-T08,D07-B13-T09,D07-B13-T10,D07-B13-T13,D07-B13-T15","D07-B09-H001,D07-B09-H002,D07-B09-H003,D07-B09-H004,D07-B09-H005,D07-B09-H006,D07-B09-H007,D07-B09-H008,D07-B09-H009,D07-B09-H010,D07-B09-H010,D07-B09-H012,D07-B09-H013,D07-B09-H014,D07-B09-H014,D07-B09-H016,D07-B09-H017,D07-B09-H018,D07-B09-H019,D07-B09-H021,D07-B11-H005,D07-B11-H006,D07-B11-H007,D07-B11-H008,D07-B11-H009,D07-B11-H010,D07-B11-H011,D07-B11-H012,D07-B11-H013,D07-B11-H014,D07-B11-H015,D07-B11-H018,D07-B11-H019,D07-B11-H021,D07-B11-H024,D07-B11-H025,D07-B11-H027,D07-B11-H028,D07-B11-H029,D07-B11-H030,D07-B11-H031,D07-B11-H032,D07-B11-H032,D07-B11-H034,D07-B11-H036,D07-B11-H037,D07-B11-H039,D07-B11-H040,D07-B11-H041,D07-B11-H043,D07-B13-H001,D07-B13-H001,D07-B13-H002,D07-B13-H002,D07-B13-H003,D07-B13-H005,D07-B13-H008,D07-B13-H009,D07-B13-H010,D07-B13-H011,D07-B13-H012,D07-B13-H013,D07-B13-H020,D07-B13-H021,D07-B13-H022,D07-B13-H023,D07-B13-H023,D07-B13-H024,D07-B13-H025,D07-B13-H027,D07-B13-H028,D07-B13-H029,D07-B13-H030,D07-B13-H031,D07-B13-H032,D07-B13-H034,D07-B13-H035,D07-B13-H036,D07-B13-H039,D07-B13-H040,D07-B13-H041,D07-B13-H046,D07-B13-H048,D07-B13-H051,D07-B13-H053,D07-B13-H055,D07-B13-H056,D07-B13-H057,D07-B13-H057,D07-B13-H058,D07-B13-H058,D07-B13-H060"
36.3397884567717,32.2953946302329,OST-07-02,OST-7-2,OST,7,2,1,25,29,25,102,"D07-B19-T01,D07-B19-T02,D07-B19-T03,D07-B19-T04,D07-B19-T06,D07-B19-T07,D07-B19-T08,D07-B19-T09,D07-B19-T10,D07-B19-T11,D07-B19-T12,D07-B19-T13,D07-B19-T14,D07-B21-T01,D07-B21-T02,D07-B21-T03,D07-B21-T04,D07-B21-T05,D07-B21-T06,D07-B21-T07,D07-B21-T08,D07-B21-T09,D07-B21-T10,D07-B23-T10,D07-B23-T15","D07-B19-H001,D07-B19-H001,D07-B19-H002,D07-B19-H003,D07-B19-H004,D07-B19-H005,D07-B19-H006,D07-B19-H007,D07-B19-H008,D07-B19-H009,D07-B19-H009,D07-B19-H010,D07-B19-H012,D07-B19-H015,D07-B19-H017,D07-B19-H019,D07-B19-H020,D07-B19-H021,D07-B19-H022,D07-B19-H025,D07-B19-H026,D07-B19-H027,D07-B19-H034,D07-B19-H034,D07-B19-H035,D07-B19-H036,D07-B19-H038,D07-B19-H039,D07-B19-H040,D07-B19-H044,D07-B19-H045,D07-B19-H045,D07-B19-H046,D07-B19-H048,D07-B19-H050,D07-B19-H053,D07-B19-H054,D07-B19-H055,D07-B19-H057,D07-B19-H057,D07-B19-H057,D07-B19-H060,D07-B19-H061,D07-B19-H062,D07-B19-H063,D07-B19-H064,D07-B19-H065,D07-B19-H065,D07-B19-H066,D07-B21-H001,D07-B21-H002,D07-B21-H003,D07-B21-H004,D07-B21-H004,D07-B21-H005,D07-B21-H006,D07-B21-H007,D07-B21-H008,D07-B21-H009,D07-B21-H009,D07-B21-H010,D07-B21-H011,D07-B21-H012,D07-B21-H013,D07-B21-H014,D07-B21-H015,D07-B21-H016,D07-B21-H018,D07-B21-H019,D07-B21-H020,D07-B21-H021,D07-B21-H022,D07-B21-H023,D07-B21-H024,D07-B21-H025,D07-B21-H026,D07-B21-H027,D07-B21-H028,D07-B21-H029,D07-B21-H031,D07-B21-H032,D07-B21-H033,D07-B21-H034,D07-B21-H035,D07-B21-H036,D07-B21-H037,D07-B21-H038,D07-B21-H039,D07-B21-H042,D07-B21-H043,D07-B21-H045,D07-B21-H046,D07-B21-H047,D07-B21-H049,D07-B21-H051,D07-B23-H029,D07-B23-H029,D07-B23-H030,D07-B23-H043,D07-B23-H045,D07-B23-H066,D07-B23-H067"
36.3393238731558,32.294371891083,OST-07-03,OST-7-3,OST,7,3,1,25,33,18,76,"D07-B15-T01,D07-B15-T02,D07-B15-T03,D07-B15-T04,D07-B15-T05,D07-B15-T07,D07-B15-T08,D07-B15-T09,D07-B17-T01,D07-B17-T02,D07-B17-T03,D07-B17-T04,D07-B17-T05,D07-B17-T06,D07-B17-T07,D07-B17-T08,D07-B17-T09,D07-B17-T11","D07-B15-H001,D07-B15-H002,D07-B15-H003,D07-B15-H003,D07-B15-H004,D07-B15-H006,D07-B15-H007,D07-B15-H009,D07-B15-H010,D07-B15-H011,D07-B15-H015,D07-B15-H016,D07-B15-H017,D07-B15-H018,D07-B15-H019,D07-B15-H023,D07-B15-H024,D07-B15-H027,D07-B15-H027,D07-B15-H028,D07-B15-H031,D07-B15-H032,D07-B15-H034,D07-B15-H034,D07-B15-H035,D07-B15-H036,D07-B15-H037,D07-B15-H039,D07-B15-H040,D07-B15-H041,D07-B15-H042,D07-B15-H042,D07-B15-H042,D07-B15-H043,D07-B15-H046,D07-B17-H001,D07-B17-H003,D07-B17-H004,D07-B17-H005,D07-B17-H006,D07-B17-H009,D07-B17-H010,D07-B17-H010,D07-B17-H011,D07-B17-H012,D07-B17-H013,D07-B17-H014,D07-B17-H015,D07-B17-H016,D07-B17-H017,D07-B17-H017,D07-B17-H017,D07-B17-H018,D07-B17-H019,D07-B17-H020,D07-B17-H021,D07-B17-H022,D07-B17-H023,D07-B17-H024,D07-B17-H025,D07-B17-H028,D07-B17-H029,D07-B17-H030,D07-B17-H030,D07-B17-H031,D07-B17-H032,D07-B17-H035,D07-B17-H037,D07-B17-H038,D07-B17-H040,D07-B17-H045,D07-B17-H049,D07-B17-H050,D07-B17-H051,D07-B17-H053,D07-B17-H054"
36.338291615973,32.2896712885417,OST-07-04,OST-7-4,OST,7,4,1,25,27,8,24,"D07-B01-T01,D07-B01-T02,D07-B01-T03,D07-B01-T04,D07-B01-T05,D07-B01-T06,D07-B01-T08,D07-B03-T05","D07-B01-H001,D07-B01-H002,D07-B01-H003,D07-B01-H008,D07-B01-H009,D07-B01-H010,D07-B01-H012,D07-B01-H013,D07-B01-H014,D07-B01-H015,D07-B01-H015,D07-B01-H016,D07-B01-H018,D07-B01-H019,D07-B01-H020,D07-B01-H022,D07-B01-H023,D07-B01-H024,D07-B01-H024,D07-B01-H027,D07-B01-H029,D07-B03-H015,D07-B03-H016,D07-B03-H017"
36.3387864033971,32.2907720283157,OST-07-05,OST-7-5,OST,7,5,1,25,29,12,48,"D07-B03-T02,D07-B03-T03,D07-B03-T04,D07-B03-T06,D07-B03-T07,D07-B03-T08,D07-B05-T05,D07-B05-T06,D07-B05-T07,D07-B05-T08,D07-B05-T10,D07-B07-T03","D07-B03-H004,D07-B03-H005,D07-B03-H006,D07-B03-H008,D07-B03-H010,D07-B03-H011,D07-B03-H012,D07-B03-H013,D07-B03-H014,D07-B03-H015,D07-B03-H018,D07-B03-H018,D07-B03-H019,D07-B03-H019,D07-B03-H020,D07-B03-H020,D07-B03-H021,D07-B03-H022,D07-B03-H022,D07-B03-H023,D07-B03-H024,D07-B03-H025,D07-B03-H025,D07-B03-H025,D07-B03-H026,D07-B03-H027,D07-B05-H022,D07-B05-H022,D07-B05-H025,D07-B05-H026,D07-B05-H027,D07-B05-H028,D07-B05-H029,D07-B05-H031,D07-B05-H032,D07-B05-H033,D07-B05-H035,D07-B05-H039,D07-B05-H039,D07-B05-H040,D07-B05-H041,D07-B05-H042,D07-B05-H045,D07-B05-H046,D07-B07-H009,D07-B07-H010,D07-B07-H012,D07-B07-H012"
36.3392942061559,32.2918639118387,OST-07-06,OST-7-6,OST,7,6,1,25,29,10,49,"D07-B07-T05,D07-B07-T06,D07-B07-T07,D07-B07-T08,D07-B09-T06,D07-B09-T07,D07-B09-T08,D07-B09-T10,D07-B09-T12,D07-B09-T13","D07-B07-H023,D07-B07-H024,D07-B07-H025,D07-B07-H026,D07-B07-H027,D07-B07-H028,D07-B07-H031,D07-B07-H032,D07-B07-H033,D07-B07-H036,D07-B07-H037,D07-B07-H039,D07-B07-H041,D07-B07-H042,D07-B07-H046,D07-B07-H047,D07-B07-H048,D07-B09-H009,D07-B09-H021,D07-B09-H022,D07-B09-H023,D07-B09-H024,D07-B09-H025,D07-B09-H026,D07-B09-H027,D07-B09-H028,D07-B09-H029,D07-B09-H030,D07-B09-H033,D07-B09-H035,D07-B09-H036,D07-B09-H037,D07-B09-H038,D07-B09-H038,D07-B09-H038,D07-B09-H039,D07-B09-H042,D07-B09-H043,D07-B09-H043,D07-B09-H044,D07-B09-H045,D07-B09-H048,D07-B09-H049,D07-B09-H050,D07-B09-H051,D07-B09-H052,D07-B09-H053,D07-B09-H054,D07-B09-H082"
36.3404880267559,32.2889469798861,OST-07-07,OST-7-7,OST,7,7,1,25,33,10,56,"D07-B02-T02,D07-B02-T03,D07-B02-T04,D07-B02-T06,D07-B04-T01,D07-B04-T02,D07-B04-T03,D07-B04-T04,D07-B04-T05,D07-B04-T06","D07-B02-H001,D07-B02-H001,D07-B02-H002,D07-B02-H003,D07-B02-H005,D07-B02-H009,D07-B02-H009,D07-B02-H010,D07-B02-H011,D07-B02-H012,D07-B02-H013,D07-B02-H014,D07-B02-H017,D07-B02-H018,D07-B02-H019,D07-B02-H020,D07-B02-H021,D07-B02-H030,D07-B02-H031,D07-B02-H034,D07-B02-H036,D07-B02-H041,D07-B04-H001,D07-B04-H001,D07-B04-H002,D07-B04-H003,D07-B04-H004,D07-B04-H005,D07-B04-H006,D07-B04-H007,D07-B04-H008,D07-B04-H009,D07-B04-H010,D07-B04-H011,D07-B04-H012,D07-B04-H013,D07-B04-H014,D07-B04-H014,D07-B04-H015,D07-B04-H016,D07-B04-H017,D07-B04-H018,D07-B04-H019,D07-B04-H020,D07-B04-H021,D07-B04-H022,D07-B04-H023,D07-B04-H024,D07-B04-H026,D07-B04-H027,D07-B04-H029,D07-B04-H030,D07-B04-H032,D07-B04-H033,D07-B04-H034,D07-B04-H045"
36.3410034176161,32.2900422226438,OST-07-08,OST-7-8,OST,7,8,1,25,29,5,27,"D07-B06-T01,D07-B06-T02,D07-B06-T03,D07-B06-T04,D07-B06-T05","D07-B06-H001,D07-B06-H003,D07-B06-H004,D07-B06-H005,D07-B06-H006,D07-B06-H006,D07-B06-H007,D07-B06-H008,D07-B06-H009,D07-B06-H011,D07-B06-H012,D07-B06-H013,D07-B06-H014,D07-B06-H015,D07-B06-H016,D07-B06-H017,D07-B06-H018,D07-B06-H019,D07-B06-H020,D07-B06-H021,D07-B06-H022,D07-B06-H026,D07-B06-H029,D07-B06-H030,D07-B06-H031,D07-B06-H032,D07-B06-H043"
36.3414972869203,32.2911328152711,OST-07-09,OST-7-9,OST,7,9,1,25,29,7,41,"D07-B10-T02,D07-B10-T03,D07-B10-T04,D07-B12-T02,D07-B12-T03,D07-B12-T04,D07-B12-T06","D07-B10-H010,D07-B10-H011,D07-B10-H012,D07-B10-H014,D07-B10-H017,D07-B10-H020,D07-B10-H021,D07-B10-H022,D07-B10-H023,D07-B10-H024,D07-B10-H025,D07-B10-H026,D07-B10-H031,D07-B10-H032,D07-B10-H033,D07-B10-H034,D07-B10-H035,D07-B10-H037,D07-B12-H006,D07-B12-H008,D07-B12-H009,D07-B12-H010,D07-B12-H011,D07-B12-H012,D07-B12-H013,D07-B12-H014,D07-B12-H014,D07-B12-H015,D07-B12-H016,D07-B12-H017,D07-B12-H019,D07-B12-H021,D07-B12-H022,D07-B12-H023,D07-B12-H024,D07-B12-H025,D07-B12-H026,D07-B12-H027,D07-B12-H038,D07-B12-H040,D07-B12-H042"
36.3420018921198,32.2922311995949,OST-07-10,OST-7-10,OST,7,10,1,25,33,12,54,"D07-B14-T01,D07-B14-T03,D07-B14-T05,D07-B14-T06,D07-B16-T01,D07-B16-T02,D07-B16-T03,D07-B16-T04,D07-B16-T05,D07-B16-T06,D07-B16-T07,D07-B18-T10","D07-B14-H003,D07-B14-H004,D07-B14-H011,D07-B14-H012,D07-B14-H013,D07-B14-H014,D07-B14-H015,D07-B14-H016,D07-B14-H019,D07-B14-H021,D07-B14-H022,D07-B14-H023,D07-B14-H024,D07-B14-H025,D07-B14-H026,D07-B14-H027,D07-B14-H028,D07-B14-H029,D07-B14-H029,D07-B14-H030,D07-B14-H032,D07-B14-H033,D07-B14-H034,D07-B14-H035,D07-B16-H001,D07-B16-H001,D07-B16-H002,D07-B16-H005,D07-B16-H008,D07-B16-H010,D07-B16-H012,D07-B16-H013,D07-B16-H014,D07-B16-H015,D07-B16-H016,D07-B16-H017,D07-B16-H019,D07-B16-H020,D07-B16-H021,D07-B16-H022,D07-B16-H023,D07-B16-H024,D07-B16-H026,D07-B16-H027,D07-B16-H028,D07-B16-H029,D07-B16-H030,D07-B16-H030,D07-B16-H033,D07-B16-H035,D07-B16-H037,D07-B18-H050,D07-B18-H057,D07-B18-H058"
36.3425062487086,32.2933256147386,OST-07-11,OST-7-11,OST,7,11,1,25,29,11,54,"D07-B18-T01,D07-B18-T02,D07-B18-T03,D07-B18-T04,D07-B18-T05,D07-B18-T07,D07-B18-T09,D07-B18-T11,D07-B18-T13,D07-B18-T14,D07-B18-T16","D07-B18-H001,D07-B18-H002,D07-B18-H003,D07-B18-H004,D07-B18-H008,D07-B18-H009,D07-B18-H016,D07-B18-H017,D07-B18-H017,D07-B18-H018,D07-B18-H019,D07-B18-H019,D07-B18-H021,D07-B18-H022,D07-B18-H023,D07-B18-H024,D07-B18-H026,D07-B18-H028,D07-B18-H029,D07-B18-H030,D07-B18-H031,D07-B18-H032,D07-B18-H032,D07-B18-H035,D07-B18-H036,D07-B18-H037,D07-B18-H038,D07-B18-H039,D07-B18-H040,D07-B18-H044,D07-B18-H045,D07-B18-H046,D07-B18-H047,D07-B18-H052,D07-B18-H053,D07-B18-H054,D07-B18-H055,D07-B18-H056,D07-B18-H061,D07-B18-H062,D07-B18-H064,D07-B18-H065,D07-B18-H066,D07-B18-H068,D07-B18-H069,D07-B18-H070,D07-B18-H071,D07-B18-H072,D07-B18-H078,D07-B18-H078,D07-B18-H079,D07-B18-H080,D07-B18-H081,D07-B18-H082"
36.3429704517452,32.2943418626816,OST-07-12,OST-7-12,OST,7,12,1,25,29,19,82,"D07-B22-T01,D07-B22-T02,D07-B22-T03,D07-B22-T04,D07-B22-T05,D07-B22-T06,D07-B22-T07,D07-B22-T08,D07-B22-T09,D07-B22-T10,D07-B24-T01,D07-B24-T03,D07-B24-T05,D07-B24-T06,D07-B24-T08,D07-B24-T10,D07-B24-T11,D07-B24-T13,D07-B24-T14","D07-B22-H001,D07-B22-H003,D07-B22-H004,D07-B22-H005,D07-B22-H006,D07-B22-H008,D07-B22-H009,D07-B22-H012,D07-B22-H013,D07-B22-H017,D07-B22-H019,D07-B22-H021,D07-B22-H022,D07-B22-H023,D07-B22-H024,D07-B22-H025,D07-B22-H026,D07-B22-H027,D07-B22-H028,D07-B22-H030,D07-B22-H031,D07-B22-H032,D07-B22-H033,D07-B22-H034,D07-B22-H035,D07-B22-H036,D07-B22-H037,D07-B22-H038,D07-B22-H039,D07-B22-H040,D07-B22-H041,D07-B22-H042,D07-B22-H042,D07-B22-H043,D07-B22-H044,D07-B22-H044,D07-B22-H045,D07-B22-H045,D07-B22-H048,D07-B22-H049,D07-B22-H050,D07-B22-H051,D07-B22-H052,D07-B22-H053,D07-B22-H054,D07-B24-H001,D07-B24-H002,D07-B24-H003,D07-B24-H004,D07-B24-H015,D07-B24-H016,D07-B24-H017,D07-B24-H018,D07-B24-H019,D07-B24-H020,D07-B24-H025,D07-B24-H026,D07-B24-H027,D07-B24-H030,D07-B24-H032,D07-B24-H033,D07-B24-H035,D07-B24-H036,D07-B24-H039,D07-B24-H040,D07-B24-H040,D07-B24-H041,D07-B24-H042,D07-B24-H043,D07-B24-H044,D07-B24-H050,D07-B24-H051,D07-B24-H052,D07-B24-H053,D07-B24-H054,D07-B24-H056,D07-B24-H057,D07-B24-H060,D07-B24-H063,D07-B24-H064,D07-B24-H065,D07-B24-H068"
36.3415767768774,32.2898576886527,OST-07-13,OST-7-13,OST,7,13,1,25,29,8,43,"D07-B06-T06,D07-B06-T07,D07-B06-T08,D07-B08-T06,D07-B08-T07,D07-B08-T08,D07-B08-T09,D07-B08-T10","D07-B06-H033,D07-B06-H034,D07-B06-H035,D07-B06-H038,D07-B06-H042,D07-B06-H045,D07-B06-H046,D07-B06-H047,D07-B06-H048,D07-B06-H050,D07-B06-H052,D07-B06-H052,D07-B06-H056,D07-B06-H057,D07-B06-H058,D07-B08-H026,D07-B08-H027,D07-B08-H028,D07-B08-H028,D07-B08-H030,D07-B08-H032,D07-B08-H032,D07-B08-H033,D07-B08-H034,D07-B08-H035,D07-B08-H036,D07-B08-H037,D07-B08-H038,D07-B08-H039,D07-B08-H040,D07-B08-H041,D07-B08-H043,D07-B08-H044,D07-B08-H045,D07-B08-H046,D07-B08-H047,D07-B08-H048,D07-B08-H049,D07-B08-H050,D07-B08-H050,D07-B08-H051,D07-B08-H052,D07-B08-H053"
36.3417213524947,32.2885380092112,OST-07-14,OST-7-14,OST,7,14,1,25,29,4,15,"D07-B02-T07,D07-B02-T08,D07-B04-T07,D07-B04-T08","D07-B02-H043,D07-B02-H046,D07-B02-H047,D07-B02-H048,D07-B02-H049,D07-B02-H050,D07-B04-H037,D07-B04-H038,D07-B04-H039,D07-B04-H040,D07-B04-H043,D07-B04-H044,D07-B04-H046,D07-B04-H048,D07-B04-H050"
36.3427151581189,32.2907289700556,OST-07-15,OST-7-15,OST,7,15,1,25,33,7,42,"D07-B10-T06,D07-B10-T08,D07-B10-T09,D07-B10-T10,D07-B10-T11,D07-B12-T08,D07-B12-T09","D07-B10-H038,D07-B10-H039,D07-B10-H043,D07-B10-H044,D07-B10-H045,D07-B10-H050,D07-B10-H051,D07-B10-H052,D07-B10-H053,D07-B10-H055,D07-B10-H056,D07-B10-H057,D07-B10-H058,D07-B10-H060,D07-B10-H062,D07-B10-H063,D07-B10-H064,D07-B10-H064,D07-B10-H065,D07-B10-H066,D07-B10-H067,D07-B10-H067,D07-B10-H068,D07-B10-H069,D07-B10-H070,D07-B10-H072,D07-B10-H074,D07-B12-H020,D07-B12-H056,D07-B12-H058,D07-B12-H061,D07-B12-H062,D07-B12-H064,D07-B12-H066,D07-B12-H069,D07-B12-H071,D07-B12-H072,D07-B12-H073,D07-B12-H074,D07-B12-H075,D07-B12-H076,D07-B12-H081"
36.3432257201828,32.2918297919019,OST-07-16,OST-7-16,OST,7,16,1,25,29,10,55,"D07-B14-T07,D07-B14-T08,D07-B14-T09,D07-B14-T10,D07-B16-T08,D07-B16-T09,D07-B16-T10,D07-B16-T11,D07-B16-T12,D07-B18-T12","D07-B14-H034,D07-B14-H035,D07-B14-H036,D07-B14-H037,D07-B14-H039,D07-B14-H040,D07-B14-H043,D07-B14-H044,D07-B14-H045,D07-B14-H046,D07-B14-H050,D07-B14-H050,D07-B14-H050,D07-B14-H051,D07-B14-H052,D07-B14-H052,D07-B14-H053,D07-B14-H054,D07-B14-H055,D07-B14-H056,D07-B14-H056,D07-B14-H057,D07-B14-H057,D07-B14-H058,D07-B14-H060,D07-B14-H061,D07-B14-H062,D07-B16-H016,D07-B16-H036,D07-B16-H038,D07-B16-H039,D07-B16-H040,D07-B16-H041,D07-B16-H041,D07-B16-H042,D07-B16-H043,D07-B16-H045,D07-B16-H046,D07-B16-H047,D07-B16-H047,D07-B16-H048,D07-B16-H049,D07-B16-H051,D07-B16-H051,D07-B16-H052,D07-B16-H053,D07-B16-H054,D07-B16-H055,D07-B16-H056,D07-B16-H058,D07-B16-H058,D07-B16-H060,D07-B18-H059,D07-B18-H060,D07-B18-H067"
36.3436404400761,32.292953234516,OST-07-17,OST-7-17,OST,7,17,1,25,29,13,52,"D07-B18-T18,D07-B20-T01,D07-B20-T02,D07-B20-T03,D07-B20-T04,D07-B20-T05,D07-B20-T06,D07-B20-T07,D07-B20-T08,D07-B20-T09,D07-B20-T10,D07-B20-T11,D07-B20-T12","D07-B18-H085,D07-B18-H086,D07-B20-H001,D07-B20-H003,D07-B20-H004,D07-B20-H006,D07-B20-H007,D07-B20-H008,D07-B20-H010,D07-B20-H011,D07-B20-H012,D07-B20-H015,D07-B20-H018,D07-B20-H019,D07-B20-H020,D07-B20-H023,D07-B20-H024,D07-B20-H025,D07-B20-H027,D07-B20-H028,D07-B20-H029,D07-B20-H030,D07-B20-H031,D07-B20-H032,D07-B20-H034,D07-B20-H035,D07-B20-H036,D07-B20-H038,D07-B20-H039,D07-B20-H040,D07-B20-H040,D07-B20-H042,D07-B20-H045,D07-B20-H046,D07-B20-H047,D07-B20-H047,D07-B20-H048,D07-B20-H049,D07-B20-H050,D07-B20-H051,D07-B20-H054,D07-B20-H056,D07-B20-H057,D07-B20-H058,D07-B20-H059,D07-B20-H060,D07-B20-H061,D07-B20-H062,D07-B20-H063,D07-B20-H063,D07-B20-H064,D07-B20-H065"
36.3199753626219,32.2940641353507,OST-11-03,OST-11-3,OST,11,3,2,50,54,18,137,"D11-B01-T03,D11-B01-T04,D11-B01-T05,D11-B01-T06,D11-B01-T07,D11-B01-T08,D11-B01-T09,D11-B01-T10,D11-B01-T11,D11-B01-T12,D11-B01-T13,D11-B01-T14,D11-B01-T15,D11-B03-T05,D11-B03-T07,D11-B03-T09,D11-B03-T10,D11-B03-T14","D11-B01-H001,D11-B01-H002,D11-B01-H003,D11-B01-H004,D11-B01-H005,D11-B01-H007,D11-B01-H008,D11-B01-H009,D11-B01-H010,D11-B01-H011,D11-B01-H012,D11-B01-H013,D11-B01-H014,D11-B01-H015,D11-B01-H016,D11-B01-H017,D11-B01-H018,D11-B01-H019,D11-B01-H020,D11-B01-H021,D11-B01-H022,D11-B01-H023,D11-B01-H024,D11-B01-H025,D11-B01-H026,D11-B01-H027,D11-B01-H028,D11-B01-H028,D11-B01-H029,D11-B01-H030,D11-B01-H031,D11-B01-H032,D11-B01-H033,D11-B01-H034,D11-B01-H035,D11-B01-H036,D11-B01-H037,D11-B01-H038,D11-B01-H039,D11-B01-H040,D11-B01-H041,D11-B01-H042,D11-B01-H043,D11-B01-H044,D11-B01-H045,D11-B01-H046,D11-B01-H047,D11-B01-H048,D11-B01-H049,D11-B01-H051,D11-B01-H052,D11-B01-H053,D11-B01-H054,D11-B01-H055,D11-B01-H056,D11-B01-H060,D11-B01-H060-1,D11-B01-H061,D11-B01-H062,D11-B01-H063,D11-B01-H064,D11-B01-H065,D11-B01-H066,D11-B01-H067,D11-B01-H068,D11-B01-H069,D11-B01-H070,D11-B01-H071,D11-B01-H072,D11-B01-H073,D11-B01-H074,D11-B01-H075,D11-B01-H077,D11-B01-H077,D11-B01-H078,D11-B01-H079,D11-B01-H080,D11-B01-H081,D11-B01-H082,D11-B01-H083,D11-B01-H084,D11-B01-H085,D11-B01-H086,D11-B01-H087,D11-B01-H088,D11-B01-H089,D11-B01-H090,D11-B01-H091,D11-B01-H092,D11-B01-H093,D11-B01-H093,D11-B01-H094,D11-B01-H095,D11-B01-H096,D11-B01-H097,D11-B01-H098,D11-B03-H001,D11-B03-H002,D11-B03-H003,D11-B03-H004,D11-B03-H009,D11-B03-H010,D11-B03-H010,D11-B03-H011,D11-B03-H012,D11-B03-H027,D11-B03-H033,D11-B03-H034,D11-B03-H035,D11-B03-H036,D11-B03-H041,D11-B03-H042,D11-B03-H043,D11-B03-H046,D11-B03-H047,D11-B03-H048,D11-B03-H049,D11-B03-H053,D11-B03-H054,D11-B03-H055,D11-B03-H056,D11-B03-H057,D11-B03-H059,D11-B03-H059,D11-B03-H060,D11-B03-H061,D11-B03-H062,D11-B03-H065,D11-B03-H066,D11-B03-H067,D11-B03-H068,D11-B03-H075,D11-B03-H076,D11-B03-H077,D11-B03-H078,D11-B03-H079,D11-B03-H080"
36.3192445375566,32.2924954961567,OST-11-04,OST-11-4,OST,11,4,2,50,54,21,134,"D11-B03-T08,D11-B03-T11,D11-B03-T12,D11-B03-T13,D11-B03-T15,D11-B05-T09,D11-B05-T10,D11-B05-T11,D11-B05-T13,D11-B05-T14,D11-B05-T15,D11-B05-T16,D11-B05-T17,D11-B05-T18,D11-B05-T19,D11-B05-T20,D11-B05-T21,D11-B05-T22,D11-B05-T23,D11-B05-T24,D11-B05-T25","D11-B03-H005,D11-B03-H006,D11-B03-H007,D11-B03-H008,D11-B03-H013,D11-B03-H014,D11-B03-H015,D11-B03-H015,D11-B03-H016,D11-B03-H017,D11-B03-H018,D11-B03-H019,D11-B03-H020,D11-B03-H021,D11-B03-H022,D11-B03-H023,D11-B03-H024,D11-B03-H025,D11-B03-H026,D11-B03-H028,D11-B03-H029,D11-B03-H030,D11-B03-H031,D11-B03-H032,D11-B03-H037,D11-B03-H037-1,D11-B03-H038,D11-B03-H039,D11-B03-H040,D11-B03-H044,D11-B03-H045,D11-B03-H047,D11-B03-H049,D11-B03-H051,D11-B03-H052,D11-B03-H053,D11-B03-H054,D11-B05-H001,D11-B05-H002,D11-B05-H003,D11-B05-H004,D11-B05-H005,D11-B05-H006,D11-B05-H007,D11-B05-H008,D11-B05-H009,D11-B05-H010,D11-B05-H011,D11-B05-H012,D11-B05-H013,D11-B05-H014,D11-B05-H015,D11-B05-H016,D11-B05-H017,D11-B05-H017,D11-B05-H017,D11-B05-H018,D11-B05-H018,D11-B05-H018,D11-B05-H019,D11-B05-H019,D11-B05-H020,D11-B05-H020,D11-B05-H021,D11-B05-H021,D11-B05-H022,D11-B05-H022,D11-B05-H023,D11-B05-H023,D11-B05-H024,D11-B05-H025,D11-B05-H026,D11-B05-H027,D11-B05-H028,D11-B05-H029,D11-B05-H034,D11-B05-H035,D11-B05-H036,D11-B05-H037,D11-B05-H038,D11-B05-H039,D11-B05-H040,D11-B05-H041,D11-B05-H042,D11-B05-H043,D11-B05-H044,D11-B05-H045,D11-B05-H046,D11-B05-H047,D11-B05-H048,D11-B05-H048,D11-B05-H049,D11-B05-H050,D11-B05-H051,D11-B05-H052,D11-B05-H053,D11-B05-H054,D11-B05-H055,D11-B05-H056,D11-B05-H057,D11-B05-H058,D11-B05-H059,D11-B05-H059,D11-B05-H060,D11-B05-H061,D11-B05-H062,D11-B05-H063,D11-B05-H064,D11-B05-H065,D11-B05-H066,D11-B05-H067,D11-B05-H068-1,D11-B05-H070,D11-B05-H071,D11-B05-H072,D11-B05-H073,D11-B05-H074,D11-B05-H075,D11-B05-H076,D11-B05-H077,D11-B05-H078,D11-B05-H079,D11-B05-H085,D11-B05-H086,D11-B05-H087,D11-B05-H088,D11-B05-H089,D11-B05-H090,D11-B05-H091,D11-B05-H092,D11-B05-H093,D11-B05-H094,D11-B05-H095,D11-B05-H096"
36.3191011049734,32.2921879025581,OST-11-05,OST-11-5,OST,11,5,2,50,58,9,57,"D11-B07-T06,D11-B07-T08,D11-B07-T09,D11-B07-T10,D11-B07-T11,D11-B07-T12,D11-B07-T13,D11-B07-T14,D11-B07-T15","D11-B07-H001,D11-B07-H002,D11-B07-H003,D11-B07-H005,D11-B07-H006,D11-B07-H007,D11-B07-H008,D11-B07-H009,D11-B07-H010,D11-B07-H011,D11-B07-H012,D11-B07-H013,D11-B07-H013,D11-B07-H014,D11-B07-H015,D11-B07-H016,D11-B07-H017,D11-B07-H017,D11-B07-H018,D11-B07-H019,D11-B07-H020,D11-B07-H021,D11-B07-H022,D11-B07-H023,D11-B07-H024,D11-B07-H025,D11-B07-H026,D11-B07-H027,D11-B07-H028,D11-B07-H029,D11-B07-H031,D11-B07-H032,D11-B07-H033,D11-B07-H034,D11-B07-H035,D11-B07-H036,D11-B07-H037,D11-B07-H038,D11-B07-H039,D11-B07-H040,D11-B07-H041,D11-B07-H042,D11-B07-H043,D11-B07-H044,D11-B07-H045,D11-B07-H046,D11-B07-H047,D11-B07-H048,D11-B07-H049,D11-B07-H050,D11-B07-H051,D11-B07-H052,D11-B07-H053,D11-B07-H060,D11-B07-H061,D11-B07-H062,D11-B07-H063"
36.318426073063,32.2906047596062,OST-11-06,OST-11-6,OST,11,6,2,50,54,9,59,"D11-B09-T08,D11-B09-T09,D11-B09-T10,D11-B09-T11,D11-B09-T12,D11-B09-T13,D11-B09-T14,D11-B09-T15,D11-B09-T16","D11-B09-H001,D11-B09-H002,D11-B09-H003,D11-B09-H004,D11-B09-H004,D11-B09-H005,D11-B09-H006,D11-B09-H007,D11-B09-H008,D11-B09-H009,D11-B09-H010,D11-B09-H011,D11-B09-H012,D11-B09-H013,D11-B09-H014,D11-B09-H015,D11-B09-H016,D11-B09-H017,D11-B09-H018,D11-B09-H019,D11-B09-H020,D11-B09-H020,D11-B09-H021,D11-B09-H022,D11-B09-H024,D11-B09-H025,D11-B09-H026,D11-B09-H027,D11-B09-H028,D11-B09-H029,D11-B09-H030,D11-B09-H031,D11-B09-H032,D11-B09-H033,D11-B09-H034,D11-B09-H035,D11-B09-H036,D11-B09-H037,D11-B09-H038,D11-B09-H039,D11-B09-H040,D11-B09-H041,D11-B09-H042,D11-B09-H042,D11-B09-H043,D11-B09-H044,D11-B09-H049,D11-B09-H050,D11-B09-H051,D11-B09-H052,D11-B09-H053,D11-B09-H054,D11-B09-H054,D11-B09-H055,D11-B09-H056,D11-B09-H057,D11-B09-H062,D11-B09-H063,D11-B09-H064"
36.3183518705282,32.2902682786093,OST-11-07,OST-11-7,OST,11,7,2,50,54,15,80,"D11-B11-T01,D11-B11-T02,D11-B11-T03,D11-B11-T04,D11-B11-T05,D11-B11-T06,D11-B11-T07,D11-B11-T08,D11-B11-T09,D11-B11-T10,D11-B11-T11,D11-B11-T12,D11-B11-T13,D11-B11-T14,D11-B11-T15","D11-B11-H001,D11-B11-H002,D11-B11-H006,D11-B11-H007,D11-B11-H008,D11-B11-H009,D11-B11-H012,D11-B11-H013,D11-B11-H014,D11-B11-H016,D11-B11-H017,D11-B11-H018,D11-B11-H019,D11-B11-H020,D11-B11-H021,D11-B11-H022,D11-B11-H023,D11-B11-H024,D11-B11-H025,D11-B11-H026,D11-B11-H027,D11-B11-H028,D11-B11-H029,D11-B11-H030,D11-B11-H031,D11-B11-H032,D11-B11-H033,D11-B11-H034,D11-B11-H035,D11-B11-H036,D11-B11-H037,D11-B11-H038,D11-B11-H039,D11-B11-H040,D11-B11-H041,D11-B11-H042,D11-B11-H043,D11-B11-H044,D11-B11-H045,D11-B11-H045,D11-B11-H046,D11-B11-H047,D11-B11-H048,D11-B11-H049,D11-B11-H050,D11-B11-H051,D11-B11-H052,D11-B11-H053,D11-B11-H054,D11-B11-H055,D11-B11-H056,D11-B11-H057,D11-B11-H058,D11-B11-H059,D11-B11-H060,D11-B11-H061,D11-B11-H062,D11-B11-H063,D11-B11-H064,D11-B11-H065,D11-B11-H066,D11-B11-H067,D11-B11-H068,D11-B11-H069,D11-B11-H070,D11-B11-H071,D11-B11-H072,D11-B11-H073,D11-B11-H074,D11-B11-H075,D11-B11-H076,D11-B11-H077,D11-B11-H078,D11-B11-H081,D11-B11-H082,D11-B11-H083,D11-B11-H084,D11-B11-H085,D11-B11-H086,D11-B11-H087"
36.3176196547263,32.2887146900943,OST-11-08,OST-11-8,OST,11,8,2,50,54,15,87,"D11-B13-T01,D11-B13-T02,D11-B13-T03,D11-B13-T04,D11-B13-T05,D11-B13-T06,D11-B13-T07,D11-B13-T08,D11-B13-T09,D11-B13-T10,D11-B13-T11,D11-B15-T01,D11-B15-T02,D11-B15-T03,D11-B15-T04","D11-B05-H047,D11-B13-H042,D11-B13-H043,D11-B13-H044,D11-B13-H046,D11-B13-H051,D11-B13-H052,D11-B13-H054,D11-B13-H054,D11-B13-H056,D11-B13-H057,D11-B13-H058,D11-B13-H059,D11-B13-H060,D11-B13-H061,D11-B13-H062,D11-B13-H063,D11-B13-H065,D11-B13-H066,D11-B13-H067,D11-B13-H068,D11-B13-H069,D11-B13-H069,D11-B13-H070,D11-B13-H072,D11-B13-H073,D11-B13-H074,D11-B13-H075,D11-B13-H076,D11-B13-H077,D11-B13-H079,D11-B13-H080,D11-B13-H081,D11-B13-H082,D11-B13-H083,D11-B13-H084,D11-B13-H085,D11-B13-H086,D11-B13-H087,D11-B13-H087,D11-B13-H088,D11-B13-H089,D11-B13-H089,D11-B13-H090,D11-B13-H092,D11-B13-H093,D11-B13-H094,D11-B13-H095,D11-B13-H096,D11-B13-H097,D11-B13-H098,D11-B13-H099,D11-B13-H100,D11-B13-H101,D11-B13-H102,D11-B13-H103,D11-B13-H104,D11-B13-H105,D11-B13-H106,D11-B13-H107,D11-B13-H108,D11-B13-H109,D11-B15-H035,D11-B15-H038,D11-B15-H040,D11-B15-H041,D11-B15-H042,D11-B15-H043,D11-B15-H044,D11-B15-H045,D11-B15-H046,D11-B15-H048,D11-B15-H049,D11-B15-H050,D11-B15-H052,D11-B15-H053,D11-B15-H054,D11-B15-H055,D11-B15-H056,D11-B15-H057,D11-B15-H058,D11-B15-H059,D11-B15-H060,D11-B15-H061,D11-B15-H062,D11-B15-H063,D11-B15-H064"
36.3224615170103,32.293291754625,OST-11-09,OST-11-9,OST,11,9,2,50,54,22,157,"D11-B02-T01,D11-B02-T02,D11-B02-T03,D11-B02-T04,D11-B02-T05,D11-B02-T06,D11-B02-T07,D11-B02-T08,D11-B02-T09,D11-B04-T01,D11-B04-T02,D11-B04-T03,D11-B04-T04,D11-B04-T05,D11-B04-T06,D11-B04-T07,D11-B04-T08,D11-B04-T09,D11-B04-T10,D11-B04-T11,D11-B04-T12,D11-B04-T13","D11-B02-H001,D11-B02-H002,D11-B02-H003,D11-B02-H004,D11-B02-H005,D11-B02-H007,D11-B02-H008,D11-B02-H009,D11-B02-H010,D11-B02-H011,D11-B02-H012,D11-B02-H013,D11-B02-H014,D11-B02-H015,D11-B02-H016,D11-B02-H017,D11-B02-H018,D11-B02-H019,D11-B02-H020,D11-B02-H021,D11-B02-H022,D11-B02-H023,D11-B02-H024,D11-B02-H025,D11-B02-H026,D11-B02-H027,D11-B02-H027,D11-B02-H027-1,D11-B02-H028,D11-B02-H029,D11-B02-H030,D11-B02-H031,D11-B02-H032,D11-B02-H033,D11-B02-H034,D11-B02-H035,D11-B02-H036,D11-B02-H037,D11-B02-H038,D11-B02-H038-1,D11-B02-H039,D11-B02-H040,D11-B02-H041,D11-B02-H042,D11-B02-H043,D11-B02-H044,D11-B02-H045,D11-B02-H046,D11-B02-H046-1,D11-B02-H047,D11-B02-H048,D11-B02-H049,D11-B02-H050,D11-B02-H050-1,D11-B02-H051,D11-B02-H052,D11-B02-H053,D11-B02-H054,D11-B02-H055,D11-B02-H056,D11-B02-H057,D11-B02-H058,D11-B02-H058-1,D11-B02-H059,D11-B02-H060,D11-B02-H061,D11-B02-H062,D11-B02-H063,D11-B02-H064,D11-B02-H065,D11-B02-H066,D11-B02-H067,D11-B04-H001,D11-B04-H001,D11-B04-H003,D11-B04-H004,D11-B04-H005,D11-B04-H005,D11-B04-H006,D11-B04-H006,D11-B04-H007,D11-B04-H008,D11-B04-H009,D11-B04-H010,D11-B04-H011,D11-B04-H012,D11-B04-H013,D11-B04-H014,D11-B04-H015,D11-B04-H016,D11-B04-H017,D11-B04-H018,D11-B04-H019,D11-B04-H020,D11-B04-H021,D11-B04-H022,D11-B04-H023,D11-B04-H024,D11-B04-H025,D11-B04-H026,D11-B04-H027,D11-B04-H028,D11-B04-H030,D11-B04-H031,D11-B04-H032,D11-B04-H033,D11-B04-H034,D11-B04-H035,D11-B04-H036,D11-B04-H037,D11-B04-H038,D11-B04-H039,D11-B04-H040,D11-B04-H041,D11-B04-H042,D11-B04-H043,D11-B04-H044,D11-B04-H045,D11-B04-H046,D11-B04-H047,D11-B04-H048,D11-B04-H049,D11-B04-H050,D11-B04-H051,D11-B04-H052,D11-B04-H053,D11-B04-H054,D11-B04-H055,D11-B04-H056,D11-B04-H057,D11-B04-H057-2,D11-B04-H058,D11-B04-H059,D11-B04-H060,D11-B04-H061,D11-B04-H061-1,D11-B04-H062,D11-B04-H063,D11-B04-H064,D11-B04-H065,D11-B04-H066,D11-B04-H066,D11-B04-H067,D11-B04-H068,D11-B04-H069,D11-B04-H070,D11-B04-H071,D11-B04-H072,D11-B04-H073,D11-B04-H074,D11-B04-H075,D11-B04-H076,D11-B04-H077,D11-B04-H078,D11-B04-H079,D11-B04-H080,D11-B04-H081"
36.321771539886,32.2916843545882,OST-11-10,OST-11-10,OST,11,10,2,50,58,13,98,"D11-B06-T01,D11-B06-T02,D11-B06-T03,D11-B06-T04,D11-B06-T05,D11-B06-T06,D11-B06-T07,D11-B06-T08,D11-B06-T09,D11-B06-T10,D11-B06-T11,D11-B06-T12,D11-B06-T13","D11-B06-H002,D11-B06-H003,D11-B06-H004,D11-B06-H005,D11-B06-H006,D11-B06-H007,D11-B06-H008,D11-B06-H009,D11-B06-H010,D11-B06-H011,D11-B06-H012,D11-B06-H013,D11-B06-H014,D11-B06-H015,D11-B06-H015,D11-B06-H016,D11-B06-H017,D11-B06-H018,D11-B06-H019,D11-B06-H020,D11-B06-H021,D11-B06-H022,D11-B06-H023,D11-B06-H024,D11-B06-H025,D11-B06-H026,D11-B06-H027,D11-B06-H028,D11-B06-H029,D11-B06-H030,D11-B06-H031,D11-B06-H032,D11-B06-H033,D11-B06-H034,D11-B06-H035,D11-B06-H036,D11-B06-H037,D11-B06-H038,D11-B06-H039,D11-B06-H040,D11-B06-H041,D11-B06-H042,D11-B06-H042-1,D11-B06-H043,D11-B06-H044,D11-B06-H045,D11-B06-H046,D11-B06-H047,D11-B06-H048,D11-B06-H049,D11-B06-H050,D11-B06-H051,D11-B06-H052,D11-B06-H053,D11-B06-H054,D11-B06-H055,D11-B06-H056,D11-B06-H057,D11-B06-H058,D11-B06-H058-1,D11-B06-H059,D11-B06-H060,D11-B06-H061,D11-B06-H062,D11-B06-H063,D11-B06-H064,D11-B06-H065,D11-B06-H066,D11-B06-H067,D11-B06-H068,D11-B06-H069,D11-B06-H070,D11-B06-H071,D11-B06-H072,D11-B06-H073,D11-B06-H074,D11-B06-H075,D11-B06-H076,D11-B06-H077,D11-B06-H078,D11-B06-H079,D11-B06-H080,D11-B06-H081,D11-B06-H082,D11-B06-H083,D11-B06-H084,D11-B06-H085,D11-B06-H086,D11-B06-H087,D11-B06-H088,D11-B06-H089,D11-B06-H091,D11-B06-H092,D11-B06-H093,D11-B06-H094,D11-B06-H095,D11-B06-H096,D11-B06-H097"
36.3216463027458,32.291413270181,OST-11-11,OST-11-11,OST,11,11,2,50,54,7,50,"D11-B08-T01,D11-B08-T03,D11-B08-T05,D11-B08-T07,D11-B08-T09,D11-B08-T10,D11-B08-T12","D11-B08-H001,D11-B08-H002,D11-B08-H003,D11-B08-H004,D11-B08-H010,D11-B08-H011,D11-B08-H012,D11-B08-H018,D11-B08-H019,D11-B08-H020,D11-B08-H021,D11-B08-H022,D11-B08-H023,D11-B08-H026,D11-B08-H027,D11-B08-H033,D11-B08-H034,D11-B08-H035,D11-B08-H036,D11-B08-H037,D11-B08-H038,D11-B08-H043,D11-B08-H044,D11-B08-H045,D11-B08-H046,D11-B08-H052,D11-B08-H053,D11-B08-H054,D11-B08-H055,D11-B08-H056,D11-B08-H065,D11-B08-H066,D11-B08-H067,D11-B08-H068,D11-B08-H069,D11-B08-H073,D11-B08-H074,D11-B08-H075,D11-B08-H076,D11-B08-H077,D11-B08-H078,D11-B08-H079,D11-B08-H082,D11-B08-H083,D11-B08-H085,D11-B08-H086,D11-B08-H087,D11-B08-H088,D11-B08-H089,D11-B08-H090"
36.3209467237706,32.2898120328046,OST-11-12,OST-11-12,OST,11,12,2,50,54,20,152,"D11-B08-T02,D11-B08-T04,D11-B08-T06,D11-B08-T08,D11-B08-T11,D11-B08-T13,D11-B10-T01,D11-B10-T02,D11-B10-T03,D11-B10-T04,D11-B10-T05,D11-B10-T06,D11-B10-T07,D11-B10-T08,D11-B10-T09,D11-B10-T10,D11-B10-T11,D11-B10-T12,D11-B10-T13,D11-B10-T14","D11-B08-H005,D11-B08-H006,D11-B08-H007,D11-B08-H008,D11-B08-H009,D11-B08-H010,D11-B08-H010-1,D11-B08-H014,D11-B08-H015,D11-B08-H016,D11-B08-H017,D11-B08-H023,D11-B08-H024,D11-B08-H025,D11-B08-H028,D11-B08-H029,D11-B08-H030,D11-B08-H031,D11-B08-H032,D11-B08-H039,D11-B08-H040,D11-B08-H041,D11-B08-H042,D11-B08-H048,D11-B08-H049,D11-B08-H051,D11-B08-H052,D11-B08-H057,D11-B08-H058,D11-B08-H059,D11-B08-H060,D11-B08-H061,D11-B08-H062,D11-B08-H063,D11-B08-H064,D11-B08-H070,D11-B08-H071,D11-B08-H072,D11-B08-H080,D11-B08-H081,D11-B08-H084,D11-B08-H091,D11-B08-H092,D11-B08-H093,D11-B08-H094,D11-B08-H095,D11-B10-H001,D11-B10-H002,D11-B10-H003,D11-B10-H004,D11-B10-H005,D11-B10-H006,D11-B10-H007,D11-B10-H008,D11-B10-H009,D11-B10-H010,D11-B10-H011,D11-B10-H012,D11-B10-H013,D11-B10-H014,D11-B10-H015,D11-B10-H016,D11-B10-H017,D11-B10-H018,D11-B10-H019,D11-B10-H020,D11-B10-H021,D11-B10-H022,D11-B10-H023,D11-B10-H024,D11-B10-H025,D11-B10-H026,D11-B10-H027,D11-B10-H028,D11-B10-H029,D11-B10-H030,D11-B10-H031,D11-B10-H032,D11-B10-H033,D11-B10-H034,D11-B10-H035,D11-B10-H036,D11-B10-H037,D11-B10-H038,D11-B10-H039,D11-B10-H039,D11-B10-H040,D11-B10-H041,D11-B10-H042,D11-B10-H043,D11-B10-H044,D11-B10-H045,D11-B10-H046,D11-B10-H046,D11-B10-H047,D11-B10-H048,D11-B10-H049,D11-B10-H050,D11-B10-H051,D11-B10-H052,D11-B10-H052,D11-B10-H053,D11-B10-H053,D11-B10-H054,D11-B10-H054,D11-B10-H055,D11-B10-H056,D11-B10-H057,D11-B10-H058,D11-B10-H059,D11-B10-H060,D11-B10-H061,D11-B10-H062,D11-B10-H063,D11-B10-H064,D11-B10-H065,D11-B10-H066,D11-B10-H067,D11-B10-H068,D11-B10-H069,D11-B10-H070,D11-B10-H071,D11-B10-H072,D11-B10-H073,D11-B10-H074,D11-B10-H075,D11-B10-H076,D11-B10-H077,D11-B10-H078,D11-B10-H079,D11-B10-H080,D11-B10-H081,D11-B10-H082,D11-B10-H083,D11-B10-H084,D11-B10-H085,D11-B10-H086,D11-B10-H087,D11-B10-H088,D11-B10-H089,D11-B10-H090,D11-B10-H091,D11-B10-H092,D11-B10-H093,D11-B10-H094,D11-B10-H095,D11-B10-H096,D11-B10-H097,D11-B10-H098,D11-B10-H099,D11-B10-H101,D11-B10-H102"
36.3207979189207,32.2894714928215,OST-11-13,OST-11-13,OST,11,13,2,50,54,14,85,"D11-B12-T01,D11-B12-T02,D11-B12-T03,D11-B12-T04,D11-B12-T05,D11-B12-T06,D11-B12-T07,D11-B12-T08,D11-B12-T09,D11-B12-T10,D11-B12-T11,D11-B12-T12,D11-B12-T13,D11-B12-T14","D11-B12-H001,D11-B12-H002,D11-B12-H002,D11-B12-H003,D11-B12-H003,D11-B12-H004,D11-B12-H005,D11-B12-H006,D11-B12-H007,D11-B12-H008,D11-B12-H009,D11-B12-H010,D11-B12-H011,D11-B12-H012,D11-B12-H013,D11-B12-H014,D11-B12-H015,D11-B12-H016,D11-B12-H017,D11-B12-H018,D11-B12-H019,D11-B12-H019,D11-B12-H020,D11-B12-H021,D11-B12-H022,D11-B12-H023,D11-B12-H024,D11-B12-H026,D11-B12-H026,D11-B12-H027,D11-B12-H028,D11-B12-H029,D11-B12-H030,D11-B12-H031,D11-B12-H032,D11-B12-H033,D11-B12-H034,D11-B12-H035,D11-B12-H036,D11-B12-H037,D11-B12-H038,D11-B12-H039,D11-B12-H040,D11-B12-H041,D11-B12-H042,D11-B12-H043,D11-B12-H044,D11-B12-H046,D11-B12-H047,D11-B12-H048,D11-B12-H049,D11-B12-H050,D11-B12-H051,D11-B12-H052,D11-B12-H053,D11-B12-H054,D11-B12-H055,D11-B12-H056,D11-B12-H057,D11-B12-H058,D11-B12-H059,D11-B12-H060,D11-B12-H061,D11-B12-H062,D11-B12-H063,D11-B12-H064,D11-B12-H065,D11-B12-H066,D11-B12-H067,D11-B12-H067,D11-B12-H068,D11-B12-H069,D11-B12-H070,D11-B12-H071,D11-B12-H072,D11-B12-H073,D11-B12-H074,D11-B12-H075,D11-B12-H076,D11-B12-H078,D11-B12-H079,D11-B12-H080,D11-B12-H081,D11-B12-H082,D11-B12-H083"
36.3200851454779,32.2879123195384,OST-11-14,OST-11-14,OST,11,14,2,50,54,26,164,"D11-B11-T16,D11-B13-T12,D11-B13-T13,D11-B13-T14,D11-B13-T15,D11-B13-T16,D11-B13-T17,D11-B13-T18,D11-B14-T01,D11-B14-T02,D11-B14-T03,D11-B14-T04,D11-B14-T05,D11-B14-T07,D11-B14-T08,D11-B14-T09,D11-B15-T05,D11-B15-T06,D11-B15-T07,D11-B15-T08,D11-B16-T01,D11-B16-T02,D11-B16-T03,D11-B16-T04,D11-B16-T05,D11-B16-T06","D11-B11-H003,D11-B11-H004,D11-B11-H005,D11-B11-H015,D11-B13-H001,D11-B13-H002,D11-B13-H003,D11-B13-H004,D11-B13-H005,D11-B13-H006,D11-B13-H007,D11-B13-H008,D11-B13-H009,D11-B13-H010,D11-B13-H011,D11-B13-H013,D11-B13-H015,D11-B13-H016,D11-B13-H017,D11-B13-H018,D11-B13-H019,D11-B13-H021,D11-B13-H022,D11-B13-H024,D11-B13-H025,D11-B13-H026,D11-B13-H027,D11-B13-H028,D11-B13-H029,D11-B13-H029,D11-B13-H030,D11-B13-H031,D11-B13-H033,D11-B13-H034,D11-B13-H035,D11-B13-H036,D11-B13-H037,D11-B13-H038,D11-B13-H039,D11-B13-H039,D11-B13-H040,D11-B13-H040,D11-B13-H041,D11-B13-H042,D11-B13-H048,D11-B13-H049,D11-B13-H050,D11-B14-H001,D11-B14-H002,D11-B14-H003,D11-B14-H004,D11-B14-H005,D11-B14-H006,D11-B14-H007,D11-B14-H008,D11-B14-H009,D11-B14-H009,D11-B14-H010,D11-B14-H011,D11-B14-H012,D11-B14-H013,D11-B14-H014,D11-B14-H015,D11-B14-H016,D11-B14-H017,D11-B14-H018,D11-B14-H019,D11-B14-H020,D11-B14-H021,D11-B14-H022,D11-B14-H023,D11-B14-H025,D11-B14-H026,D11-B14-H027,D11-B14-H028,D11-B14-H029,D11-B14-H030,D11-B14-H031,D11-B14-H032,D11-B14-H033,D11-B14-H034,D11-B14-H035,D11-B14-H036,D11-B14-H037,D11-B14-H038,D11-B14-H039,D11-B14-H040,D11-B14-H041,D11-B14-H042,D11-B14-H043,D11-B14-H044,D11-B14-H046,D11-B14-H047,D11-B14-H048,D11-B14-H049,D11-B14-H050,D11-B14-H054,D11-B15-H001,D11-B15-H002,D11-B15-H003,D11-B15-H005,D11-B15-H006,D11-B15-H007,D11-B15-H008,D11-B15-H010,D11-B15-H011,D11-B15-H012,D11-B15-H014,D11-B15-H016,D11-B15-H018,D11-B15-H019,D11-B15-H021,D11-B15-H021,D11-B15-H022,D11-B15-H025,D11-B15-H026,D11-B15-H027,D11-B15-H028,D11-B15-H029,D11-B15-H030,D11-B15-H031,D11-B15-H033,D11-B15-H036,D11-B16-H001,D11-B16-H002,D11-B16-H003,D11-B16-H004,D11-B16-H005,D11-B16-H006,D11-B16-H007,D11-B16-H008,D11-B16-H009,D11-B16-H010,D11-B16-H011,D11-B16-H012,D11-B16-H013,D11-B16-H014,D11-B16-H015,D11-B16-H016,D11-B16-H017,D11-B16-H018,D11-B16-H019,D11-B16-H020,D11-B16-H021,D11-B16-H022,D11-B16-H023,D11-B16-H024,D11-B16-H025,D11-B16-H026,D11-B16-H027,D11-B16-H028,D11-B16-H029,D11-B16-H030,D11-B16-H031,D11-B16-H032,D11-B16-H033,D11-B16-H034,D11-B16-H035,D11-B16-H036,D11-B16-H037,D11-B16-H038,D11-B16-H039,D11-B16-H040,D11-B16-H040-1"
36.3129548568731,32.2959682419649,OST-12-01,OST-12-1,OST,12,1,1,20,28,14,121,"D12-B01-T01,D12-B01-T02,D12-B01-T03,D12-B01-T04,D12-B01-T05,D12-B02-T03,D12-B02-T04,D12-B02-T06,D12-B02-T07,D12-B02-T08,D12-B02-T09,D12-B02-T10,D12-B02-T11,D12-B02-T12","D12-B01-H098,D12-B01-H099,D12-B01-H100,D12-B01-H101,D12-B01-H102,D12-B01-H103,D12-B01-H104,D12-B01-H105,D12-B01-H106,D12-B01-H107,D12-B01-H108,D12-B01-H109,D12-B01-H110,D12-B01-H111,D12-B01-H112,D12-B01-H113,D12-B01-H114,D12-B01-H115,D12-B01-H116,D12-B01-H117,D12-B01-H118,D12-B01-H119,D12-B01-H120,D12-B01-H121,D12-B01-H121,D12-B01-H122,D12-B01-H123,D12-B01-H124,D12-B01-H125,D12-B01-H126,D12-B01-H127,D12-B01-H128,D12-B01-H128,D12-B01-H129,D12-B01-H130,D12-B01-H132,D12-B01-H133,D12-B01-H134,D12-B01-H135,D12-B01-H136,D12-B01-H137,D12-B01-H138,D12-B01-H139,D12-B01-H140,D12-B01-H141,D12-B02-H097,D12-B02-H098,D12-B02-H099,D12-B02-H100,D12-B02-H101,D12-B02-H102,D12-B02-H103,D12-B02-H104,D12-B02-H105,D12-B02-H106,D12-B02-H107,D12-B02-H108,D12-B02-H109,D12-B02-H110,D12-B02-H111,D12-B02-H112,D12-B02-H114,D12-B02-H115,D12-B02-H116,D12-B02-H117,D12-B02-H118,D12-B02-H119,D12-B02-H120,D12-B02-H122,D12-B02-H123,D12-B02-H124,D12-B02-H125,D12-B02-H126,D12-B02-H127,D12-B02-H128,D12-B02-H129,D12-B02-H130,D12-B02-H131,D12-B02-H131,D12-B02-H132,D12-B02-H133,D12-B02-H134,D12-B02-H136,D12-B02-H137,D12-B02-H138,D12-B02-H139,D12-B02-H140,D12-B02-H141,D12-B02-H142,D12-B02-H143,D12-B02-H147,D12-B02-H148,D12-B02-H149,D12-B02-H150,D12-B02-H150,D12-B02-H151,D12-B02-H152,D12-B02-H155,D12-B02-H156,D12-B02-H157,D12-B02-H158,D12-B02-H161,D12-B02-H162,D12-B02-H164,D12-B02-H165,D12-B02-H166,D12-B02-H167,D12-B02-H168,D12-B02-H169,D12-B02-H170,D12-B02-H170,D12-B02-H171,D12-B02-H172,D12-B02-H173,D12-B02-H176,D12-B02-H177,D12-B02-H178,D12-B02-H180,D12-B02-H185,D12-B02-H186,D12-B02-H187"
36.3145709676404,32.2939632448001,OST-12-02,OST-12-2,OST,12,2,1,20,28,12,85,"D12-B03-T13,D12-B03-T14,D12-B03-T15,D12-B03-T16,D12-B03-T17,D12-B04-T05,D12-B04-T06,D12-B04-T07,D12-B05-T04,D12-B05-T05,D12-B05-T06,D12-B05-T07","D12-B03-H054,D12-B03-H055,D12-B03-H056,D12-B03-H057,D12-B03-H058,D12-B03-H059,D12-B03-H060,D12-B03-H061,D12-B03-H062,D12-B03-H063,D12-B03-H063,D12-B03-H064,D12-B03-H065,D12-B03-H066,D12-B03-H067,D12-B03-H068,D12-B03-H069,D12-B03-H070,D12-B03-H071,D12-B03-H072,D12-B03-H073,D12-B03-H074,D12-B03-H075,D12-B03-H076,D12-B03-H077,D12-B03-H078,D12-B03-H079,D12-B03-H080,D12-B03-H081,D12-B03-H083,D12-B03-H083,D12-B03-H084,D12-B03-H085,D12-B03-H086,D12-B04-H047,D12-B04-H048,D12-B04-H049,D12-B04-H050,D12-B04-H051,D12-B04-H052,D12-B04-H055,D12-B04-H056,D12-B04-H057,D12-B04-H058,D12-B04-H059,D12-B04-H060,D12-B04-H061,D12-B04-H062,D12-B04-H063,D12-B04-H064,D12-B04-H065,D12-B04-H066,D12-B04-H067,D12-B04-H068,D12-B04-H069,D12-B04-H070,D12-B05-H029,D12-B05-H031,D12-B05-H033,D12-B05-H034,D12-B05-H035,D12-B05-H036,D12-B05-H037,D12-B05-H038,D12-B05-H039,D12-B05-H039-1,D12-B05-H040,D12-B05-H041,D12-B05-H042,D12-B05-H043,D12-B05-H043,D12-B05-H043-1,D12-B05-H045,D12-B05-H046,D12-B05-H047,D12-B05-H048,D12-B05-H049,D12-B05-H050,D12-B05-H051,D12-B05-H053,D12-B05-H054,D12-B05-H055,D12-B05-H056,D12-B05-H057,D12-B05-H058"
36.3159166243885,32.294206576782,OST-12-03,OST-12-3,OST,12,3,1,20,22,5,25,"D12-B02-T16,D12-B03-T18,D12-B04-T09,D12-B04-T10,D12-B04-T11","D12-B02-H072,D12-B02-H073,D12-B02-H074,D12-B02-H080,D12-B02-H081,D12-B03-H048,D12-B03-H050,D12-B03-H051,D12-B03-H051,D12-B03-H052,D12-B04-H024,D12-B04-H025,D12-B04-H026,D12-B04-H027,D12-B04-H034,D12-B04-H035,D12-B04-H036,D12-B04-H037,D12-B04-H037-1,D12-B04-H037-1,D12-B04-H044,D12-B04-H045,D12-B04-H046,D12-B04-H053,D12-B04-H054"
36.3155331885201,32.2913834211403,OST-12-04,OST-12-4,OST,12,4,1,20,28,9,70,"D12-B03-T21,D12-B09-T03,D12-B09-T04,D12-B10-T04,D12-B10-T05,D12-B10-T06,D12-B10-T07,D12-B10-T08,D12-B10-T09","D12-B03-H030,D12-B03-H034,D12-B03-H036,D12-B03-H037,D12-B03-H049,D12-B03-H050,D12-B09-H001,D12-B09-H002,D12-B09-H003,D12-B09-H004,D12-B09-H005,D12-B09-H006,D12-B09-H007,D12-B09-H008,D12-B09-H009,D12-B09-H010,D12-B09-H011,D12-B09-H012,D12-B09-H013,D12-B09-H014,D12-B09-H016,D12-B10-H001,D12-B10-H002,D12-B10-H003,D12-B10-H004,D12-B10-H005,D12-B10-H006,D12-B10-H006,D12-B10-H007,D12-B10-H008,D12-B10-H009,D12-B10-H010,D12-B10-H011,D12-B10-H012,D12-B10-H013,D12-B10-H014,D12-B10-H015,D12-B10-H016,D12-B10-H017,D12-B10-H018,D12-B10-H019,D12-B10-H020,D12-B10-H021,D12-B10-H022,D12-B10-H023,D12-B10-H024,D12-B10-H025,D12-B10-H026,D12-B10-H027,D12-B10-H028,D12-B10-H029,D12-B10-H030,D12-B10-H031,D12-B10-H032,D12-B10-H033,D12-B10-H034,D12-B10-H036,D12-B10-H037,D12-B10-H038,D12-B10-H039,D12-B10-H040,D12-B10-H041,D12-B10-H042,D12-B10-H043,D12-B10-H044,D12-B10-H045,D12-B10-H047,D12-B10-H048,D12-B10-H049,D12-B10-H050"
36.3164800827397,32.29261555116,OST-12-06,OST-12-6,OST,12,6,1,20,28,9,66,"D12-B06-T09,D12-B06-T11,D12-B06-T12,D12-B07-T08,D12-B07-T09,D12-B07-T10,D12-B07-T11,D12-B08-T05,D12-B08-T06","D12-B06-H004,D12-B06-H005,D12-B06-H009,D12-B06-H010,D12-B06-H011,D12-B06-H013,D12-B06-H014,D12-B06-H015,D12-B06-H016,D12-B06-H018,D12-B06-H020,D12-B06-H021,D12-B06-H022,D12-B06-H023,D12-B06-H024,D12-B06-H027,D12-B06-H028,D12-B06-H029,D12-B06-H030,D12-B06-H031,D12-B06-H036,D12-B06-H037,D12-B06-H038,D12-B07-H001,D12-B07-H002,D12-B07-H003,D12-B07-H003,D12-B07-H004,D12-B07-H005,D12-B07-H006,D12-B07-H007,D12-B07-H008,D12-B07-H009,D12-B07-H010,D12-B07-H011,D12-B07-H012,D12-B07-H013,D12-B07-H014,D12-B07-H015,D12-B07-H016,D12-B07-H017,D12-B07-H018,D12-B07-H019,D12-B07-H020,D12-B07-H021,D12-B07-H022,D12-B07-H023,D12-B07-H025,D12-B07-H026,D12-B07-H028,D12-B08-H001,D12-B08-H002,D12-B08-H004,D12-B08-H005,D12-B08-H006,D12-B08-H007,D12-B08-H008,D12-B08-H009,D12-B08-H010,D12-B08-H011,D12-B08-H012,D12-B08-H013,D12-B08-H014,D12-B08-H015,D12-B08-H016,D12-B08-H019"
36.3255334838445,32.2922930962226,,,,10,,2,,0,0,0,,
36.3280709657681,32.2915142762985,,,,10,,2,,0,0,0,,
36.3272931214828,32.2898985622979,,,,10,,2,,0,0,0,,
36.3248234502652,32.290730313794,,,,10,,2,,0,0,0,,
36.3271583130389,32.2895725362194,,,,10,,2,,0,0,0,,
36.32467540539,32.2904017755992,,,,10,,2,,0,0,0,,
36.3239733696933,32.2888431394714,,,,10,,2,,0,0,0,,
36.3264613625111,32.2880266589471,,,,10,,2,,0,0,0,,
36.3262944140701,32.2876531512555,,,,10,,2,,0,0,0,,
36.3238160403091,32.2885019897983,,,,10,,2,,0,0,0,,
36.3255903640446,32.2861556226093,,,,10,,2,,0,0,0,,
36.3230987006823,32.286940375031,,,,10,,2,,0,0,0,,
36.3310115336669,32.2843757173396,,,,9,,2,,0,0,0,,
36.3309108344855,32.2905465095082,,,,9,,2,,0,0,0,,
36.3347767936855,32.2892830648628,,,,9,,2,,0,0,0,,
36.3302034501714,32.2889866075345,,,,9,,2,,0,0,0,,
36.3300729666401,32.2886483404797,,,,9,,2,,0,0,0,,
36.3333675880837,32.2879537703448,,,,9,,2,,0,0,0,,
36.3332339259626,32.2876139452941,,,,9,,2,,0,0,0,,
36.3300174551438,32.2868646053095,,,,9,,2,,0,0,0,,
36.3325101372254,32.2860634038942,,,,9,,2,,0,0,0,,
36.3299170286952,32.2865331773975,,,,9,,2,,0,0,0,,
36.3323134409397,32.2857524270936,,,,9,,2,,0,0,0,,
36.3285440551965,32.2851949525261,,,,9,,2,,0,0,0,,
36.319576813967,32.2982446696618,,,,2,,1,,0,0,0,,
36.3185702822519,32.2984778358315,,,,2,,1,,0,0,0,,
36.3177503634209,32.2985243487647,,,,2,,1,,0,0,0,,
36.3180437990652,32.2989857996075,,,,2,,1,,0,0,0,,
36.3212926322692,32.3019688311864,,,,1,,1,,0,0,0,,
36.3162799606107,32.2946305270481,,,,12,,1,,0,0,0,,
36.3356545758169,32.2976835477052,,,,6,,1,,0,0,0,,
36.3353041959424,32.2968370630979,,,,6,,1,,0,0,0,,
36.3332728433566,32.2957055841628,,,,6,,1,,0,0,0,,
36.3324582129173,32.2937967729652,,,,6,,1,,0,0,0,,
36.3315120190533,32.2919307389418,,,,6,,1,,0,0,0,,
36.337762768301,32.2960047032187,,,,6,,1,,0,0,0,,
36.3369059689807,32.2941278596763,,,,6,,1,,0,0,0,,
36.3361857675211,32.2925608681219,,,,6,,1,,0,0,0,,
36.3346310866224,32.2909066649068,,,,6,,1,,0,0,0,,
36.3391244971172,32.287823594739,,,,8,,1,,0,0,0,,
36.3398222429273,32.2875873932326,,,,8,,1,,0,0,0,,
36.3402028198193,32.2874577348261,,,,8,,1,,0,0,0,,
36.340350759221,32.2874023029829,,,,8,,1,,0,0,0,,
36.3411436983393,32.2871381873646,,,,8,,1,,0,0,0,,
36.3393960083062,32.2866083823536,,,,8,,1,,0,0,0,,
36.3402528588763,32.2863617318171,,,,8,,1,,0,0,0,,
36.3410938383935,32.2861197267992,,,,8,,1,,0,0,0,,
36.3381486307467,32.2857584713372,,,,8,,1,,0,0,0,,
36.3388834038492,32.285512925857,,,,8,,1,,0,0,0,,
36.3405643386904,32.2849477856882,,,,8,,1,,0,0,0,,
36.3402047779484,32.2850592223026,,,,8,,1,,0,0,0,,
36.3397871707885,32.2851982304013,,,,8,,1,,0,0,0,,
36.336426390515,32.2825729171008,,,,8,,1,,0,0,0,,
36.3387004159668,32.281898790936,,,,8,,1,,0,0,0,,
36.3393080623649,32.2816769270735,,,,8,,1,,0,0,0,,
36.3369335283613,32.2836594167992,,,,8,,1,,0,0,0,,
36.3391959519834,32.2829042333892,,,,8,,1,,0,0,0,,
36.340279973545,32.2825743897474,,,,8,,1,,0,0,0,,
36.3374405105867,32.2847323901566,,,,8,,1,,0,0,0,,
36.3384872395954,32.2843893707934,,,,8,,1,,0,0,0,,
36.3403636319981,32.2837503431512,,,,8,,1,,0,0,0,,
36.3399829583284,32.2838709858718,,,,8,,1,,0,0,0,,
36.3342167466345,32.2833050367388,,,,8,,1,,0,0,0,,
36.3347450363987,32.284386847753,,,,8,,1,,0,0,0,,
36.3362194260782,32.2851442858367,,,,8,,1,,0,0,0,,
36.3366895918066,32.2862446425848,,,,8,,1,,0,0,0,,
36.3362346296762,32.2876508487131,,,,8,,1,,0,0,0,,
36.3366916076613,32.2886367169602,,,,8,,1,,0,0,0,,
36.3187505590665,32.2968209620229,,,,2,,2,,0,0,0,,
36.3174578362706,32.2969112123408,,,,2,,2,,0,0,0,,
36.3153186764362,32.2970627634849,,,,2,,2,,0,0,0,,
36.3152252155057,32.2973335100283,,,,2,,2,,0,0,0,,
36.314035921134,32.2974694480699,,,,2,,2,,0,0,0,,
36.3166622125013,32.2969615759623,,,,2,,2,,0,0,0,,
36.3144575177591,32.2980612453217,,,,2,,2,,0,0,0,,
36.3168283595625,32.2977337352872,,,,2,,2,,0,0,0,,
36.3180220220205,32.2977783190476,,,,2,,2,,0,0,0,,
36.3190790539131,32.2977201592084,,,,2,,2,,0,0,0,,
36.3149186979506,32.2985859098368,,,,2,,2,,0,0,0,,
36.3174614903201,32.2983619852915,,,,2,,2,,0,0,0,,
36.3184316645665,32.2982950486381,,,,2,,2,,0,0,0,,
36.3161339614079,32.2985278073791,,,,2,,2,,0,0,0,,
36.3161670692062,32.299362851976,,,,2,,2,,0,0,0,,
36.316891035334,32.2990430081396,,,,2,,2,,0,0,0,,
36.3189680282287,32.2988222888379,,,,2,,2,,0,0,0,,
36.3198525773633,32.2990336712882,,,,2,,2,,0,0,0,,
36.3185325323192,32.2993415285685,,,,2,,2,,0,0,0,,
36.3176023685976,32.2992082536126,,,,2,,2,,0,0,0,,
36.3154228564718,32.3001202587026,,,,2,,2,,0,0,0,,
36.3158012743587,32.2981491848615,,,,2,,2,,0,0,0,,
36.3207694864269,32.3029288817122,,,,1,,2,,0,0,0,,
36.3198328936422,32.303199234883,,,,1,,2,,0,0,0,,
36.3216269709918,32.3026974039952,,,,1,,2,,0,0,0,,
36.3207796182062,32.3023319955892,,,,1,,2,,0,0,0,,
36.3197035719176,32.3026437747635,,,,1,,2,,0,0,0,,
36.3186951659389,32.3029073618811,,,,1,,2,,0,0,0,,
36.3195592252296,32.3024196180095,,,,1,,2,,0,0,0,,
36.3178930299139,32.3027056089521,,,,1,,2,,0,0,0,,
36.3202214514008,32.3015071826438,,,,1,,2,,0,0,0,,
36.3189101134583,32.3016436529355,,,,1,,2,,0,0,0,,
36.3180097626347,32.301699556084,,,,1,,2,,0,0,0,,
36.3208439938753,32.3009757380416,,,,1,,2,,0,0,0,,
36.3193105690674,32.3009103776816,,,,1,,2,,0,0,0,,
36.3182614570046,32.3010358287525,,,,1,,2,,0,0,0,,
36.3171012047315,32.3010347326209,,,,1,,2,,0,0,0,,
36.3195907835814,32.3003268848963,,,,1,,2,,0,0,0,,
36.318957357487,32.3005038899744,,,,1,,2,,0,0,0,,
36.3174767775703,32.3008006890608,,,,1,,2,,0,0,0,,
36.3198211404241,32.2998624107317,,,,1,,2,,0,0,0,,
36.3188774205486,32.3000558278794,,,,1,,2,,0,0,0,,
36.317718145454,32.3002837282216,,,,1,,2,,0,0,0,,
36.3166724232363,32.3004924049831,,,,1,,2,,0,0,0,,